id,date,location,payer,collector,tax,amount,unit,type,source,notes
ATD-000001,30 Apr 188 AD,Thebes,Pebrichis son of Pebrichis son of Herakles,Miysis,crop tax,10.5714,drachmas,money,O.Heid. 100,"Original Text:
1 Παχὼν ε̅ τοῦ
2 κη (ἔτους) ὀνόμ(ατος) Πεβρ(ίχιος)
3 Πεβρίχ(ιος) Ἡρακλ(ήους) ὑπ(ὲρ)
4 τιμ(ῆς) φοιν(ίκων) γενήμ(ατος) κη (ἔτους)
5 (δραχμὰς) δέκα (τετρώβολον), (γίνονται) (δραχμαὶ) ι (τετρώβολον). Μ̣ι̣(ῦσις) σεσημ(είωμαι).

English translation:
1 Pachon 5 of the
2 28th year, in the name of Pebrichis
3 son of Pebrichis, grandson of Herakles, for
4 the price of dates of the crop of the 28th year
5 ten drachmas four obols, total 10 dr. 4 ob. I, Miysis(?), have signed.

Original text: Duke Databank of Documentary Papyri (DDbDP); metadata: Heidelberger
Gesamtverzeichnis der griechischen Papyrusurkunden Ägyptens (HGV); via papyri.info
(github.com/papyri/idp.data), licensed CC BY 3.0."
ATD-000002,Feb-Apr 190 AD (?),Thebes,Pebrichis son of Pebrichis son of Herakles,Miysis and partners,crop tax,11.2857,drachmas,money,O.Heid. 106,"Original Text:
1 Μιῦσις καὶ μ(έτοχοι) ἐπιτ(ηρηταὶ) τιμ(ῆς) οἴνου
2 καὶ φοιν(ίκων) Πεβρίχι Πεβρίχ(ιος)
3 Ἡρακλήο(υς). ἔσχ(ομεν) παρὰ σο(ῦ)
4 ὑπ(ὲρ) τιμ(ῆς) φοιν(ίκων) γενή(ματος) κθ (ἔτους)
5 (δραχμὰς) ἕνδεκα (διώβολον), (γίνονται) (δραχμαὶ) ια (διώβολον),
6 ἃς καὶ διαγρά(ψομεν) ἐπὶ τὴν δημ(οσίαν) τράπ(εζαν).

English translation:
1 Miysis and partners, supervisors of the price of wine
2 and dates, to Pebrichis son of Pebrichis,
3 grandson of Herakles. We have received from you
4 for the price of dates of the crop of the 29th year
5 eleven drachmas two obols, total 11 dr. 2 ob.,
6 which we shall also pay into the public bank.

Original text: Duke Databank of Documentary Papyri (DDbDP); metadata: Heidelberger
Gesamtverzeichnis der griechischen Papyrusurkunden Ägyptens (HGV); via papyri.info
(github.com/papyri/idp.data), licensed CC BY 3.0."
ATD-000003,21 Aug 190 AD,Thebes,Pebrichis son of Pebrichis son of Herakles,Ammonios and partners,bath tax,,,,O.Heid. 107,"Original Text:
1 Ἀ̣μ̣μ̣ώ̣ν̣ι̣ο̣ς̣ καὶ μ(έτοχοι) ἐπιτηρητ(αὶ) τέλους θησα(υροῦ)
2 ἱε̣ρ̣ῶν τοῦ λ (ἔτους) Πεβρίχι ὁμ(οίως) Ἡρακ(λήους)
3 χαί(ρειν). ἔσχ(ομεν) τὸ βα̣λ̣(ανευτικὸν) τοῦ λ (ἔτους) Αὐρηλίου
4 Κομμόδου Ἀντωνίνου Καίσαρος
5 τοῦ κυρίου, Μεσορὴ κη̣.

English translation:
1 Ammonios and partners, supervisors of the tax of the treasury
2 of the temples of the 30th year, to Pebrichis son of Pebrichis, grandson of Herakles,
3 greetings. We have received the bath tax of the 30th year of Aurelius
4 Commodus Antoninus Caesar
5 the lord, Mesore 28.

Original text: Duke Databank of Documentary Papyri (DDbDP); metadata: Heidelberger
Gesamtverzeichnis der griechischen Papyrusurkunden Ägyptens (HGV); via papyri.info
(github.com/papyri/idp.data), licensed CC BY 3.0."
ATD-000004,4 Sep 190 AD,Thebes,Sen[...],,mixed,7,drachmas,money,O.Heid. 108,"Original Text:
1 Θὼθ ζ τοῦ λα̣ (ἔτους) ὀνό(ματος) Σε̣ν̣..
2 ....ο̣υ̣ Π....χ̣. Φα....ου καὶ μ(ετόχων)
3 διὰ Πεβρίχιο(ς) ὁμ(οίως) Ἡρ̣α̣κ̣(λήους) ὑπ(ὲρ) π....δ̣
4 α̣..π̣ καὶ φοιν(ίκων) κϛ (ἔτους) καὶ κζ (ἔτους) (δραχμὰς) ἑπτά,
5 (γίνονται) (δραχμαὶ) ζ. Α.. σεση(μείωμαι).

English translation:
1 Thoth 7 of the 31st year, in the name of Sen..
2 .... P....ch(?). Pha....ou and partners
3 through Pebrichis son of Pebrichis, grandson of Herakles, for p....d(?)
4 a..p(?) and dates of the 26th year and 27th year seven drachmas,
5 total 7 dr. A.. I have signed.

Original text: Duke Databank of Documentary Papyri (DDbDP); metadata: Heidelberger
Gesamtverzeichnis der griechischen Papyrusurkunden Ägyptens (HGV); via papyri.info
(github.com/papyri/idp.data), licensed CC BY 3.0."
ATD-000005,Feb-Apr 191 AD (?),Thebes,Pebrichis son of Pebrichis son of Herakles,Miysis and partners,crop tax,11.2857,drachmas,money,O.Heid. 109,"Original Text:
1 Μιῦσις καὶ μ(έτοχοι) ἐπιτ(ηρηταὶ) τιμ(ῆς)
2 ο̣ἴνου καὶ φοιν(ίκων) Πεβρίχ(ει) ὁμ(οίως)
3 Ηρακλ(ήους). ἔσχ(ομεν) παρὰ σο(ῦ) ὑπ(ὲρ) τιμ(ῆς)
4 [φοιν(ίκων) γενή(ματος)] λ (ἔτους) (δραχμὰς) ἕνδεκα
5 [(διώβολον), (γίνονται) (δραχμαὶ) ια (διώβολον).] (ἔτους) λα //
6 [...]

English translation:
1 Miysis and partners, supervisors of the price
2 of wine and dates, to Pebrichis son of Pebrichis,
3 grandson of Herakles. We have received from you for the price
4 [of dates of the crop] of the 30th year eleven drachmas
5 [two obols, total 11 dr. 2 ob.] Year 31 //
6 [...]

Original text: Duke Databank of Documentary Papyri (DDbDP); metadata: Heidelberger
Gesamtverzeichnis der griechischen Papyrusurkunden Ägyptens (HGV); via papyri.info
(github.com/papyri/idp.data), licensed CC BY 3.0."
ATD-000006,25 Jul-23 Aug 191 AD (?),Thebes,Senkametis daughter of Abos,,land tax,1.2857,drachmas,money,O.Heid. 110,"Original Text:
1 [Μεσο(ρὴ)]. τοῦ λα (ἔτους) ὀνό(ματος)
2 [Σενκα]μήτιο(ς) Ἀβῶτος
3 [ὑπ(ὲρ) γεωμ(ετρίας)] λα (ἔτους) Χά(ρακος) (δραχμὰς)
4 [(γίνεται) (δραχμὴ) α] (διώβολον). Α...

English translation:
1 [Mesore] . of the 31st year, in the name of
2 [Senka]metis daughter of Abos
3 [for land survey] of the 31st year, of Charax, drachmas
4 [total 1 dr.] 2 ob. A...

Original text: Duke Databank of Documentary Papyri (DDbDP); metadata: Heidelberger
Gesamtverzeichnis der griechischen Papyrusurkunden Ägyptens (HGV); via papyri.info
(github.com/papyri/idp.data), licensed CC BY 3.0."
ATD-000007,3 Apr 192 AD,Thebes,Tkroris daughter of Pebrichis,Pamonthes and partners,burial tax,,,,O.Heid. 113,"Original Text:
1 Παμών̣θ(ης) καὶ μ(έτοχοι) {καὶ μ(έτοχοι)} τ̣ε̣λ̣(ῶναι) θ̣η̣σ̣α̣(υροῦ) ἱ̣ε̣ρ̣ῶ̣(ν)
2 Τκρώριο̣(ς) Πεβρίχιο(ς). ἔσχο̣μ̣(εν) παρὰ σο̣(ῦ)
3 ὑπ(ὲρ) ταφῆς Λαβάιο(ς) ἀνδρὸ(ς) τὸ καθῆ̣κ(ον)
4 τέλ(ος). (ἔτους) λβ Φαρμοῦθι η.
5 Παμών̣θ(ης) σεσημ(είωμαι).

English translation:
1 Pamonthes and partners, tax farmers of the treasury of the temples,
2 to Tkroris daughter of Pebrichis. We have received from you
3 for the burial of Labais, (your) husband, the due
4 tax. Year 32, Pharmouthi 8.
5 I, Pamonthes, have signed.

Original text: Duke Databank of Documentary Papyri (DDbDP); metadata: Heidelberger
Gesamtverzeichnis der griechischen Papyrusurkunden Ägyptens (HGV); via papyri.info
(github.com/papyri/idp.data), licensed CC BY 3.0."
ATD-000008,28 May 192 AD,Thebes,Pebrichis son of Pebrichis son of Herakles,Miysis and partners,crop tax,11.2857,drachmas,money,O.Heid. 115,"Original Text:
1 Μιῦσις καὶ μ(έτοχοι) ἐπιτ(ηρηταὶ) τιμ(ῆς) οἴνου
2 καὶ φοιν(ίκων) Πεβρίχ(ει) ὁμ(οίως)
3 Ἡρακλ(ήους). ἔσχ(ομεν) παρὰ σο(ῦ) ὑπ(ὲρ)
4 τιμ(ῆς) φοιν(ίκων) γ[ε]ν̣ή(ματος) λα (ἔτους)
5 (δραχμὰς) ἕνδεκα (διώβολον), (γίνονται) (δραχμαὶ) ια (διώβολον).
6 (ἔτους) λβ // Παῦ(νι) γ̣̅.

English translation:
1 Miysis and partners, supervisors of the price of wine
2 and dates, to Pebrichis son of Pebrichis,
3 grandson of Herakles. We have received from you for
4 the price of dates of the crop of the 31st year
5 eleven drachmas two obols, total 11 dr. 2 ob.
6 Year 32 // Pauni 3.

Original text: Duke Databank of Documentary Papyri (DDbDP); metadata: Heidelberger
Gesamtverzeichnis der griechischen Papyrusurkunden Ägyptens (HGV); via papyri.info
(github.com/papyri/idp.data), licensed CC BY 3.0."
ATD-000009,1 May 193 AD,Thebes,Pebrichis son of Pebrichis son of Herakles,Titianos,other,0.0833,artabas,wheat,O.Heid. 117,"Original Text:
1 Παχὼ(ν) ϛ τοῦ α (ἔτους) εἰς
2 πρόσθ(εσιν) ὀνό(ματος) Πεβρίχιο(ς) ὁμ(οίως)
3 Ἡρακ(λήους) ὑπ(ὲρ) λημ(μάτων) λβ (ἔτους) (πυροῦ ἀρτάβης) δωδέκ(ατον).
4 Τιτιανὸ(ς) πράκ(τωρ) σεσημ(είωμαι). Π̣.. σεσημ(είωμαι).

English translation:
1 Pachon 6 of the 1st year, for
2 the supplement, in the name of Pebrichis son of Pebrichis,
3 grandson of Herakles, for the receipts of the 32nd year, one-twelfth of an artaba of wheat.
4 I, Titianos, collector, have signed. I, P.., have signed.

Original text: Duke Databank of Documentary Papyri (DDbDP); metadata: Heidelberger
Gesamtverzeichnis der griechischen Papyrusurkunden Ägyptens (HGV); via papyri.info
(github.com/papyri/idp.data), licensed CC BY 3.0."
ATD-000010,2 May-28 Aug 193 AD,Thebes,Tkroris daughter of Pebrichis,Pamonthes and partners,burial tax,,,,O.Heid. 118,"Original Text:
1 Παμών̣θ̣(ης) κ̣α̣ὶ μ(έτοχοι) τ̣ε̣λ̣(ῶναι)
2 θησα(υροῦ) ἱερῶ(ν) Τκρῶρι Πε
3 βρίχι(ος). ἔσχ̣ομ(εν) παρ̣α̣` σο̣(ῦ)
4 ὑπ(ὲρ) ταφ̣ῆς Πεβρίχιο(ς)
5 ἀδελ(φοῦ) τὸ καθῆκ(ον) τέλ(ος).
6 (ἔτους) α̣
7 ...

English translation:
1 Pamonthes and partners, tax farmers
2 of the treasury of the temples, to Tkroris daughter of Pe-
3 brichis. We have received from you
4 for the burial of Pebrichis,
5 (your) brother, the due tax.
6 Year 1
7 ...

Original text: Duke Databank of Documentary Papyri (DDbDP); metadata: Heidelberger
Gesamtverzeichnis der griechischen Papyrusurkunden Ägyptens (HGV); via papyri.info
(github.com/papyri/idp.data), licensed CC BY 3.0."
ATD-000011,17 Jun 137 AD,Thebes,Mechphres son of Horos son of Mechphres,Psansnos; Kasianos,mixed,7.2857,drachmas,money,O.Heid. 133,"Original Text:
1 Ψανσνῶς καὶ Κασιανὸς
2 πράκ(τορες) ἀργ(υρικῶν) Μεχφρήους Ὥρου
3 Μεχφρήους. ἔσχ(ομεν) ὑπ(ὲρ) σκοπ(έλων) καὶ φυλ(άκων) καὶ
4 ἄλ(λων) κα (ἔτους) δρα̣χ(μὰς) ἑπτὰ (διώβολον), (γίνονται) (δραχμαὶ) ζ (2 ὀβολοί).
5 (ἔτους) κα Ἁδριανοῦ Καίσαρος τοῦ κυρίου
6 Παῦ(νι) κγ.
7 Κασιανὸς δι(ὰ) Λουκ(ᾶτος) υἱοῦ (δραχμὰς) ζ (2 ὀβολοί).

English translation:
1 Psansnos and Kasianos,
2 collectors of money taxes, to Mechphres son of Horos,
3 grandson of Mechphres. We have received for watchtowers and guards and
4 other (taxes) of the 21st year seven drachmas two obols, total 7 dr. 2 ob.
5 Year 21 of Hadrian Caesar the lord,
6 Pauni 23.
7 Kasianos, through Loukas (my) son: 7 dr. 2 ob.

Original text: Duke Databank of Documentary Papyri (DDbDP); metadata: Heidelberger
Gesamtverzeichnis der griechischen Papyrusurkunden Ägyptens (HGV); via papyri.info
(github.com/papyri/idp.data), licensed CC BY 3.0."
ATD-000012,21 Jul 137 AD,Thebes,Mechphres son of Horos son of Mechphres,Psansnos; Kasianos,mixed,2,drachmas,money,O.Heid. 134,"Original Text:
1 Ψανσνῶς καὶ Κασιανὸς πράκ(τορες)
2 ἀργυ(ρικῶν) Μεχφρης Ὥρου Μεχφρ(ήους).
3 ἔσχ(ομεν) ὑπ(ὲρ) χω(ματικοῦ) καὶ βαλ(ανευτικοῦ) κα (ἔτους) ῥυπ(αρὰς) δρα̣χ̣(μὰς) δύο
4 καὶ ὑπ(ὲρ) διπλῶν καὶ σκοπ(έλων) καὶ φυλ(άκων) κα (ἔτους)
5 (δραχμὰς) πέντε (τετρώβολον), (γίνονται) (δραχμαὶ) ζ (τετρώβολον). (ἔτους) κ̣α̣
6 Ἁδριανοῦ Καίσαρος τοῦ κυρίου
7 Ἐπεὶφ κ̣ζ. Κασιανὸ(ς) δι(ὰ)
8 Λουκ(ᾶτος) υἱοῦ (δραχμὰς) ζ (τετρώβολον).
9 ἄλ(λας) Θὼθ κδ τοῦ κβ (ἔτους)
10 [ὀν]ό(ματος) [τ]οῦ (αὐτοῦ) Μεχφρήο(υς) ἔσχ(ομεν)
11 [ὑπ(ὲρ) ...] κα (ἔτους) δραχ(μὰς)
12 [τέσσαρ]ε̣ς, (γίνονται) (δραχμαὶ) δ.
13 [Κασιανὸς δι(ὰ) Λουκ(ᾶτος)] υἱ̣οῦ [(δραχμαὶ) δ]
13 [...]

English translation:
1 Psansnos and Kasianos, collectors
2 of money taxes, to Mechphres son of Horos, grandson of Mechphres.
3 We have received for the dike tax and bath tax of the 21st year two dirty drachmas,
4 and for the double (charges) and watchtowers and guards of the 21st year
5 five drachmas four obols, total 7 dr. 4 ob. Year 21
6 of Hadrian Caesar the lord,
7 Epeiph 27. Kasianos, through
8 Loukas (my) son: 7 dr. 4 ob.
9 Further, Thoth 24 of the 22nd year,
10 in the name of the same Mechphres, we have received
11 [for ...] of the 21st year [four] drachmas,
12 total 4 dr.
13 [Kasianos, through Loukas (my)] son: [4 dr.]
13 [...]

Original text: Duke Databank of Documentary Papyri (DDbDP); metadata: Heidelberger
Gesamtverzeichnis der griechischen Papyrusurkunden Ägyptens (HGV); via papyri.info
(github.com/papyri/idp.data), licensed CC BY 3.0."
ATD-000013,21 Jul 137 AD,Thebes,Mechphres son of Horos son of Mechphres,Psansnos; Kasianos,mixed,5.5714,drachmas,money,O.Heid. 134,"Original Text:
1 Ψανσνῶς καὶ Κασιανὸς πράκ(τορες)
2 ἀργυ(ρικῶν) Μεχφρης Ὥρου Μεχφρ(ήους).
3 ἔσχ(ομεν) ὑπ(ὲρ) χω(ματικοῦ) καὶ βαλ(ανευτικοῦ) κα (ἔτους) ῥυπ(αρὰς) δρα̣χ̣(μὰς) δύο
4 καὶ ὑπ(ὲρ) διπλῶν καὶ σκοπ(έλων) καὶ φυλ(άκων) κα (ἔτους)
5 (δραχμὰς) πέντε (τετρώβολον), (γίνονται) (δραχμαὶ) ζ (τετρώβολον). (ἔτους) κ̣α̣
6 Ἁδριανοῦ Καίσαρος τοῦ κυρίου
7 Ἐπεὶφ κ̣ζ. Κασιανὸ(ς) δι(ὰ)
8 Λουκ(ᾶτος) υἱοῦ (δραχμὰς) ζ (τετρώβολον).
9 ἄλ(λας) Θὼθ κδ τοῦ κβ (ἔτους)
10 [ὀν]ό(ματος) [τ]οῦ (αὐτοῦ) Μεχφρήο(υς) ἔσχ(ομεν)
11 [ὑπ(ὲρ) ...] κα (ἔτους) δραχ(μὰς)
12 [τέσσαρ]ε̣ς, (γίνονται) (δραχμαὶ) δ.
13 [Κασιανὸς δι(ὰ) Λουκ(ᾶτος)] υἱ̣οῦ [(δραχμαὶ) δ]
13 [...]

English translation:
1 Psansnos and Kasianos, collectors
2 of money taxes, to Mechphres son of Horos, grandson of Mechphres.
3 We have received for the dike tax and bath tax of the 21st year two dirty drachmas,
4 and for the double (charges) and watchtowers and guards of the 21st year
5 five drachmas four obols, total 7 dr. 4 ob. Year 21
6 of Hadrian Caesar the lord,
7 Epeiph 27. Kasianos, through
8 Loukas (my) son: 7 dr. 4 ob.
9 Further, Thoth 24 of the 22nd year,
10 in the name of the same Mechphres, we have received
11 [for ...] of the 21st year [four] drachmas,
12 total 4 dr.
13 [Kasianos, through Loukas (my)] son: [4 dr.]
13 [...]

Original text: Duke Databank of Documentary Papyri (DDbDP); metadata: Heidelberger
Gesamtverzeichnis der griechischen Papyrusurkunden Ägyptens (HGV); via papyri.info
(github.com/papyri/idp.data), licensed CC BY 3.0."
ATD-000014,21 Sep 137 AD,Thebes,Mechphres son of Horos son of Mechphres,Psansnos; Kasianos,,4,drachmas,money,O.Heid. 134,"Original Text:
1 Ψανσνῶς καὶ Κασιανὸς πράκ(τορες)
2 ἀργυ(ρικῶν) Μεχφρης Ὥρου Μεχφρ(ήους).
3 ἔσχ(ομεν) ὑπ(ὲρ) χω(ματικοῦ) καὶ βαλ(ανευτικοῦ) κα (ἔτους) ῥυπ(αρὰς) δρα̣χ̣(μὰς) δύο
4 καὶ ὑπ(ὲρ) διπλῶν καὶ σκοπ(έλων) καὶ φυλ(άκων) κα (ἔτους)
5 (δραχμὰς) πέντε (τετρώβολον), (γίνονται) (δραχμαὶ) ζ (τετρώβολον). (ἔτους) κ̣α̣
6 Ἁδριανοῦ Καίσαρος τοῦ κυρίου
7 Ἐπεὶφ κ̣ζ. Κασιανὸ(ς) δι(ὰ)
8 Λουκ(ᾶτος) υἱοῦ (δραχμὰς) ζ (τετρώβολον).
9 ἄλ(λας) Θὼθ κδ τοῦ κβ (ἔτους)
10 [ὀν]ό(ματος) [τ]οῦ (αὐτοῦ) Μεχφρήο(υς) ἔσχ(ομεν)
11 [ὑπ(ὲρ) ...] κα (ἔτους) δραχ(μὰς)
12 [τέσσαρ]ε̣ς, (γίνονται) (δραχμαὶ) δ.
13 [Κασιανὸς δι(ὰ) Λουκ(ᾶτος)] υἱ̣οῦ [(δραχμαὶ) δ]
13 [...]

English translation:
1 Psansnos and Kasianos, collectors
2 of money taxes, to Mechphres son of Horos, grandson of Mechphres.
3 We have received for the dike tax and bath tax of the 21st year two dirty drachmas,
4 and for the double (charges) and watchtowers and guards of the 21st year
5 five drachmas four obols, total 7 dr. 4 ob. Year 21
6 of Hadrian Caesar the lord,
7 Epeiph 27. Kasianos, through
8 Loukas (my) son: 7 dr. 4 ob.
9 Further, Thoth 24 of the 22nd year,
10 in the name of the same Mechphres, we have received
11 [for ...] of the 21st year [four] drachmas,
12 total 4 dr.
13 [Kasianos, through Loukas (my)] son: [4 dr.]
13 [...]

Original text: Duke Databank of Documentary Papyri (DDbDP); metadata: Heidelberger
Gesamtverzeichnis der griechischen Papyrusurkunden Ägyptens (HGV); via papyri.info
(github.com/papyri/idp.data), licensed CC BY 3.0."
ATD-000015,24 Aug 137 AD,Thebes,Mechphres son of Horos,Pamonthes and partners,bath tax,,,,O.Heid. 135,"Original Text:
1 Π̣α̣μ̣ώ̣ν̣θ̣ης καὶ μ(έτοχοι) ἐπιτ(ηρηταὶ) τέλο(υς)
2 θησ(αυροῦ) ἱ̣ερῶ(ν) Μεχφρης̣ ὁ̣μ(οίως) Ὥρου χα(ίρειν). ἔ̣σ̣χ̣(ομεν)
3 τὸ β̣α̣λ̣(ανευτικὸν) [το]ῦ̣ κα̣ (ἔτους) Ἁ̣δ̣ρ̣ιανοῦ Καίσαρος
4 τοῦ κ̣υρ̣ί̣ο̣υ̣ Μ̣ε̣σ̣ο̣(ρὴ) ἐπαγομ(ένων) α.
5 -- παβ̣ο. υἱο.

English translation:
1 Pamonthes and partners, supervisors of the tax
2 of the treasury of the temples, to Mechphres likewise (son) of Horos, greetings. We have received
3 the bath tax of the 21st year of Hadrian Caesar
4 the lord. Mesore, intercalary day 1.
5 -- pabo. son.

Original text: Duke Databank of Documentary Papyri (DDbDP); metadata: Heidelberger
Gesamtverzeichnis der griechischen Papyrusurkunden Ägyptens (HGV); via papyri.info
(github.com/papyri/idp.data), licensed CC BY 3.0."
ATD-000016,1 Apr 138 AD,Thebes,Mechphres son of Horos son of Mechphres,Psansnos; Kasianos,,7,drachmas,money,O.Heid. 136,"Original Text:
1 Ψανσνῶς [καὶ Κασιανὸς πράκ(τορες)]
2 ἀ̣ρ̣γ̣(υρικῶν) Με̣χ̣[φρηους Ὥρου]
3 Μεχφρήο(υς). ἔσχ(ομεν) ὑ[π(ὲρ)] [...]
4 κβ̣ (ἔτους) ῥ̣υ̣π̣(αρὰς) δραχ(μὰς) ἑ[πτὰ]
5 (ἔτους) κβ Ἁδριανοῦ Κ[αίσαρος]
6 τοῦ κυρίου Φ[αρμοῦ]
7 θ̣ι ϛ. Κα̣σ̣ι̣α̣ν̣ὸ̣ς̣
8 δι(ὰ) Λουκ̣(ᾶτος) υ̣ἱοῦ (δραχμὰς) .[...].

English translation:
1 Psansnos [and Kasianos, collectors]
2 of money taxes, to Mech[phres son of Horos,]
3 grandson of Mechphres. We have received for [...]
4 of the 22nd year se[ven](?) dirty drachmas.
5 Year 22 of Hadrian C[aesar]
6 the lord, Ph[armou-]
7 thi 6. Kasianos
8 through Loukas (my) son: drachmas .[...].

Original text: Duke Databank of Documentary Papyri (DDbDP); metadata: Heidelberger
Gesamtverzeichnis der griechischen Papyrusurkunden Ägyptens (HGV); via papyri.info
(github.com/papyri/idp.data), licensed CC BY 3.0."
ATD-000017,29 Sep-17 Oct 138 AD (?),Thebes,Mechphres son of Horos son of Mechphres,Paniskos and partners,levy,4,drachmas,money,O.Heid. 137,"Original Text:
1 Π̣ανίσκ(ος) κ̣α̣ὶ̣ μ̣(έτοχοι) ἀπα̣ι̣τ̣(ηταὶ) [...] α̣ (ἔτους) ὀνόμ(ματος)
2 Μεχφρης [Ὥρου] Μεχφρ̣ή̣ο̣υ̣ς̣ ἔσχ(ομεν) ὑ̣π̣(ὲρ) τ̣ο̣ῦ̣ [αὐτο]ῦ̣
3 με̣ρ̣ι̣σμ̣(οῦ) ῥ̣υ̣π̣(αρὰς) δ̣ρ̣α̣χ̣(μὰς) τ̣έ̣σ̣σ̣α̣ρ̣α̣ς̣, (γίνονται) (δραχμαὶ) δ. (ἔτους) β
4 Ἀντωνίνου Καίσαρος τοῦ κυρίου Φ̣α̣ῶ̣(φι) β̣.

English translation:
1 Paniskos and partners, collectors [...] of the 1st year, in the name of
2 Mechphres [son of Horos], grandson of Mechphres. We have received for the same
3 levy four dirty drachmas, total 4 dr. Year 2
4 of Antoninus Caesar the lord, Phaophi 2.

Original text: Duke Databank of Documentary Papyri (DDbDP); metadata: Heidelberger
Gesamtverzeichnis der griechischen Papyrusurkunden Ägyptens (HGV); via papyri.info
(github.com/papyri/idp.data), licensed CC BY 3.0."
ATD-000018,15 Feb 136-14 Feb 138 AD (?),Thebes,Mechphres son of Horos son of Mechphres,Psansnos; Kasianos,mixed,6,drachmas,money,O.Heid. 138,"Original Text:
1 Ψαν̣[σνῶς καὶ Κασιανὸς πράκ(τορες) ἀργ(υρικῶν)]
2 Μεχφ[ρης Ὥρου Μεχφρήους.]
3 ἔσχ(ομεν) ὑπ(ὲρ) λ̣αο(γραφίας) καὶ [... (ἔτους) ῥυπ(αρὰς) δραχ(μὰς)]
4 ἕξ, (γίνονται) ῥυπ(αραὶ) (δραχμαὶ) ϛ. (ἔτους) [...]
5 Καίσαρος τοῦ κυρ[ίου]
6 Μεχε̣ὶ̣ρ̣ κ̣.. Κασια[νὸς]
7 δι(ὰ) Λουκ(ᾶτος) υἱοῦ (δραχμὰς) ϛ.

English translation:
1 Psan[snos and Kasianos, collectors of money taxes,]
2 to Mechph[res son of Horos, grandson of Mechphres.]
3 We have received for poll tax and [...] [of the ... year dirty drachmas]
4 six, total 6 dirty dr. Year [...]
5 Caesar the lord,
6 Mecheir 2.. Kasia[nos]
7 through Loukas (my) son: 6 dr.

Original text: Duke Databank of Documentary Papyri (DDbDP); metadata: Heidelberger
Gesamtverzeichnis der griechischen Papyrusurkunden Ägyptens (HGV); via papyri.info
(github.com/papyri/idp.data), licensed CC BY 3.0."
ATD-000019,28 Oct-26 Nov 138 AD (?),Thebes,Mechphres son of Horos son of Mechphres,Phansnos; Kasianos,mixed,1.5714,drachmas,money,O.Heid. 139,"Original Text:
1 Φανσνῶς καὶ Κασιανὸς πράκ(τορες) ἀργ(υρικῶν)
2 Μεχφ[ρ]ης Ὥρου Μεχφρήους. ἔσχ(ομεν) ὑπ(ὲρ)
3 σκ̣ο̣π(έλων) κ̣α̣ὶ̣ ἄ̣λ̣(λων) α (ἔτους) ῥυπ(αρὰν) (δραχμὴν) μίαν̣ (τετρώβολον), (γίνεται) (δραχμὴ) α (τετρώβολον). [(ἔτους) β]
4 Ἀντωνίνου Καίσαρος τοῦ κυρίου
5 Ἁθὺρ λ̣. Κασ̣ι̣α̣νὸ̣ς̣ δ̣ι̣(ὰ)
6 Λουκ̣(ᾶτος) υἱοῦ (δραχμὴν) α (5 ὀβολοί).

English translation:
1 Phansnos and Kasianos, collectors of money taxes,
2 to Mechphres son of Horos, grandson of Mechphres. We have received for
3 watchtowers and others of the 1st year one dirty drachma four obols, total 1 dr. 4 ob. [Year 2]
4 of Antoninus Caesar the lord,
5 Hathyr 30. Kasianos, through
6 Loukas (my) son: 1 dr. 5 ob.

Original text: Duke Databank of Documentary Papyri (DDbDP); metadata: Heidelberger
Gesamtverzeichnis der griechischen Papyrusurkunden Ägyptens (HGV); via papyri.info
(github.com/papyri/idp.data), licensed CC BY 3.0."
ATD-000020,14 Feb 139 AD,Thebes,Mekphres son of Horos,Horos; Asklas,mixed,4,drachmas,money,O.Heid. 140,"Original Text:
1 Ὧρος καὶ Ἀσκ(λᾶς) πράκ(τορες) ἀργ(υρικῶν)
2 Μεκφρης Ὥρου. ἔσχο(μεν) ὑπ(ὲρ) λα⟨ο⟩γ(ραφίας)
3 καὶ βαλ(ανευτικοῦ) β (ἔτους) Ἀγ(ορῶν) β ῥυπ(αρὰς) δραχ(μὰς) τέσσαρα(ς),
4 (γίνονται) (δραχμαὶ) δ. (ἔτους) β Ἀντωνίνου Καίσαρος
5 τοῦ κυρίου Μεχεὶρ κ̅.
6 Ἀσκ(λᾶς) σ̣ε̣σ̣η̣μ̣(είωμαι) (δραχμαὶ) δ.

English translation:
1 Horos and Asklas, collectors of money taxes,
2 to Mekphres son of Horos. We have received for poll tax
3 and bath tax of the 2nd year, (quarter of the) Agorai 2, four dirty drachmas,
4 total 4 dr. Year 2 of Antoninus Caesar
5 the lord, Mecheir 20.
6 I, Asklas, have signed: 4 dr.

Original text: Duke Databank of Documentary Papyri (DDbDP); metadata: Heidelberger
Gesamtverzeichnis der griechischen Papyrusurkunden Ägyptens (HGV); via papyri.info
(github.com/papyri/idp.data), licensed CC BY 3.0."
ATD-000021,10 Aug 139 AD,Thebes,Mekphris son of Horos son of Mekphris,Horos,mixed,4,drachmas,money,O.Heid. 141,"Original Text:
1 Ὧρος πράκ(τωρ) ἀργυ(ρικῶν) Ἀγ(ορῶν) β
2 Μεκφρι̣ς ωρο υ μεκφ̣ρις.
3 ἔσχομ(εν) ὑπ(ὲρ) χωμ(ατικοῦ) καὶ βαλ(ανευτικοῦ) β (ἔτους)
4 ῥυπ(αρὰς) (δραχμὰς) δ. (ἔτους) β Ἀντωνίνου
5 τοῦ κυρίου, Μεσορὴ ιζ.

English translation:
1 Horos, collector of money taxes, (quarter of the) Agorai 2,
2 to Mekphris son of Horos, grandson of Mekphris.
3 We have received for the dike tax and bath tax of the 2nd year
4 4 dirty drachmas. Year 2 of Antoninus
5 the lord, Mesore 17.

Original text: Duke Databank of Documentary Papyri (DDbDP); metadata: Heidelberger
Gesamtverzeichnis der griechischen Papyrusurkunden Ägyptens (HGV); via papyri.info
(github.com/papyri/idp.data), licensed CC BY 3.0."
ATD-000022,138-139 AD,Thebes,Mekphres son of Horos son of Mekphres,Horos; Asklas,other,4,drachmas,money,O.Heid. 142,"Original Text:
1 Ὧρος καὶ Ἀσκλᾶς πράκ(τορες) ἀργ(υρικῶν)
2 Ἀγ(ορῶν) β Μεκφρης Ὥρου Μεκφρήο(υς).
3 ἔσχομ(εν) ὑπ(ὲρ) διπλ(ῶν) β̣ (ἔτους?) (δραχμὰς?) δ̣, (γίνεται?) (δραχμαὶ) δ.
4 (ἔτους) β Ἀντων̣ί̣ν̣ο̣υ̣ Κ̣α̣ί̣σ̣α̣ρ̣ο̣ς̣ τ̣ο̣ῦ̣ κυρίου
5 --
6 Ἀσκ(λᾶς) (δραχμαὶ) δ.

English translation:
1 Horos and Asklas, collectors of money taxes,
2 (quarter of the) Agorai 2, to Mekphres son of Horos, grandson of Mekphres.
3 We have received for the double (charges) of the 2nd year(?) 4 drachmas(?), total(?) 4 dr.
4 Year 2 of Antoninus Caesar the lord
5 --
6 Asklas: 4 dr.

Original text: Duke Databank of Documentary Papyri (DDbDP); metadata: Heidelberger
Gesamtverzeichnis der griechischen Papyrusurkunden Ägyptens (HGV); via papyri.info
(github.com/papyri/idp.data), licensed CC BY 3.0."
ATD-000023,31 Aug 139 AD,Thebes,Mekphres son of Horos son of Mekphres,Horos; Asklas,mixed,3.5714,drachmas,money,O.Heid. 143,"Original Text:
1 Ὧρος καὶ Ἀσκλᾶς πρ[άκ(τορες) ἀργ(υρικῶν)]
2 Ἀγ(ορῶν) β̅ Μεκφρης Ὥρου Μεκφρή(ους). ἔσχο(μεν)
3 ὑπ(ὲρ) χωμ(ατικοῦ) καὶ βαλ(ανευτικοῦ) β (ἔτους) ῥυπ(αρὰς) (δραχμὰς) γ̣ (τετρώβολον). (ἔτους) ⟦β⟧ γ
4 Ἀντωνίνου Καίσαρος τοῦ κ[υρ]ίου Θὼθ β̅.
5 Ἀσκ(λᾶς) (δραχμαὶ) γ (τετρώβολον).

English translation:
1 Horos and Asklas, col[lectors of money taxes,]
2 (quarter of the) Agorai 2, to Mekphres son of Horos, grandson of Mekphres. We have received
3 for the dike tax and bath tax of the 2nd year 3 dirty drachmas 4 obols. Year 3
4 of Antoninus Caesar the l[or]d, Thoth 2.
5 Asklas: 3 dr. 4 ob.

Original text: Duke Databank of Documentary Papyri (DDbDP); metadata: Heidelberger
Gesamtverzeichnis der griechischen Papyrusurkunden Ägyptens (HGV); via papyri.info
(github.com/papyri/idp.data), licensed CC BY 3.0."
ATD-000024,31 Aug 139 AD,Thebes,Mekchres son of Pete[...],Asklas; Horos,,0.5714,drachmas,money,O.Heid. 144,"Original Text:
1 Ἀσκλᾶς καὶ Ὧρος
2 πράκτορες ἀργυρι̣κ(ῶν) Μεκχρῇ
3 Πετ̣ε̣. ἔσχομ(εν) ὑπ̣(ὲρ) ......( )
4 β (ἔτους) ῥυπ(αρὸν) ⟦δ̣⟧ τετρ⟨ώ⟩β(ολον),
5 (γίνεται) (τετρώβολον). (ἔτους) β Ἀντωνίνου
6 Καίσαρος {Καίσα̣ρ̣ο̣ς̣}
7 τοῦ κυρίου Θὼ̣θ̣ β̣.
8 Ὧρο(ς) σεση(μείωμαι).

English translation:
1 Asklas and Horos,
2 collectors of money taxes, to Mekchres
3 son of Pete.. We have received for ......
4 of the 2nd year a dirty tetrobol (four obols),
5 total 4 ob. Year 2 of Antoninus
6 Caesar
7 the lord, Thoth 2.
8 I, Horos, have signed.

Original text: Duke Databank of Documentary Papyri (DDbDP); metadata: Heidelberger
Gesamtverzeichnis der griechischen Papyrusurkunden Ägyptens (HGV); via papyri.info
(github.com/papyri/idp.data), licensed CC BY 3.0."
ATD-000025,Feb-Aug 41 AD (?),Thebes,Pamonthes son of Karouris,,poll tax,,,,O.Heid. 150,"Original Text:
1 [διαγ]έ̣γ̣ρα(φεν) Παμών(θης) Κα̣ρ̣ο̣ύ̣(ριος) ὑπ(ὲρ) λαογρα(φίας) α (ἔτους) Ν̣[...]
2 (ἔτους?) α̣ Τ̣ιβερίου Κλαυδίου ⟨Καίσαρος⟩ Σ̣εβα̣[στοῦ]
3 [Γερμαν]ι̣ κ̣οῦ Αὐτοκρά[τορος ...]
4 ....

English translation:
1 [Pamonthes son of Karouris has p]aid for poll tax of the 1st year, N[...]
2 (year?) 1 of Tiberius Claudius ⟨Caesar⟩ Augu[stus]
3 [Germa]nicus Imperator [...]
4 ....

Original text: Duke Databank of Documentary Papyri (DDbDP); metadata: Heidelberger
Gesamtverzeichnis der griechischen Papyrusurkunden Ägyptens (HGV); via papyri.info
(github.com/papyri/idp.data), licensed CC BY 3.0."
ATD-000026,24 Oct 55 AD,Thebes,Petemenophis,Bassos,dike tax,6.5714,drachmas,money,O.Heid. 153,"Original Text:
1 διαγέγρ(αφεν) Πετε̣μ̣ε̣νῶφ̣[ις ...]
2 ὑπ(ὲρ) χωμ(ατικοῦ) α [(ἔτους)] (δραχμὰς) ϛ (τετρώβολον), βαλ(ανευτικοῦ) (4 1/2 ὀβολοὺς), (γίνονται) ζ (2 1/2 ὀβολοὶ), καὶ̣ τ[ο(ύτων)]
3 π̣ρ̣ο̣σ̣(διαγραφόμενα). (ἔτους) β Νέρωνος Κλαυδίου
4 Καίσαρος Σεβαστοῦ Γερμανικ(οῦ)
5 Αὐτοκράτορος Φαῶφι κϛ. Βάσσος
6 σεσημ(είωμαι).

English translation:
1 Petemenophis [...] has paid
2 for dike tax of the 1st [year] 6 dr. 4 ob., bath tax 4 1/2 ob., total 7 dr. 2 1/2 ob., and o[n these]
3 the extra charges. Year 2 of Nero Claudius
4 Caesar Augustus Germanicus
5 Imperator, Phaophi 26. I, Bassos,
6 have signed.

Original text: Duke Databank of Documentary Papyri (DDbDP); metadata: Heidelberger
Gesamtverzeichnis der griechischen Papyrusurkunden Ägyptens (HGV); via papyri.info
(github.com/papyri/idp.data), licensed CC BY 3.0."
ATD-000027,24 Oct 55 AD,Thebes,Petemenophis,Bassos,bath tax,0.6429,drachmas,money,O.Heid. 153,"Original Text:
1 διαγέγρ(αφεν) Πετε̣μ̣ε̣νῶφ̣[ις ...]
2 ὑπ(ὲρ) χωμ(ατικοῦ) α [(ἔτους)] (δραχμὰς) ϛ (τετρώβολον), βαλ(ανευτικοῦ) (4 1/2 ὀβολοὺς), (γίνονται) ζ (2 1/2 ὀβολοὶ), καὶ̣ τ[ο(ύτων)]
3 π̣ρ̣ο̣σ̣(διαγραφόμενα). (ἔτους) β Νέρωνος Κλαυδίου
4 Καίσαρος Σεβαστοῦ Γερμανικ(οῦ)
5 Αὐτοκράτορος Φαῶφι κϛ. Βάσσος
6 σεσημ(είωμαι).

English translation:
1 Petemenophis [...] has paid
2 for dike tax of the 1st [year] 6 dr. 4 ob., bath tax 4 1/2 ob., total 7 dr. 2 1/2 ob., and o[n these]
3 the extra charges. Year 2 of Nero Claudius
4 Caesar Augustus Germanicus
5 Imperator, Phaophi 26. I, Bassos,
6 have signed.

Original text: Duke Databank of Documentary Papyri (DDbDP); metadata: Heidelberger
Gesamtverzeichnis der griechischen Papyrusurkunden Ägyptens (HGV); via papyri.info
(github.com/papyri/idp.data), licensed CC BY 3.0."
ATD-000028,21 Apr 66-21 Apr 67 AD (?),Thebes,[...]eut son of Psenenoupis,Kephalos son of Psemenophis,trade tax,,,,O.Heid. 156,"Original Text:
1 Κέφαλος Ψεμενώ(φιος)
2 τ̣ε̣λ̣(ώνης) ἱματιοπολ(ῶν) τοῦ ιγ̣ (ἔτους)
3 ...ευτ̣ Ψενε̣νούπ(ιος) χαίρ(ειν).
4 ἀ̣π̣έχ(ω) παρὰ σοῦ τὸ τέλος Φαμε̣(νὼθ)
5 καὶ Φαρμο(ῦθι). (ἔτους) ιγ̣ Νέρωνος Κ̣λ̣α̣υ̣δ̣ί̣ο̣υ̣
6 Κ̣αίσαρος Σεβαστοῦ Γερμανικο̣ῦ̣
7 Αὐτοκράτορος Φαρμο(ῦθι) κϛ.
8 Κέφαλος.

English translation:
1 Kephalos son of Psemenophis,
2 tax-farmer of the clothing-sellers of the 13th year,
3 to ...eut son of Psenenoupis, greeting.
4 I have received from you the tax for Phamenoth
5 and Pharmouthi. Year 13 of Nero Claudius
6 Caesar Augustus Germanicus
7 Imperator, Pharmouthi 26.
8 Kephalos.

Original text: Duke Databank of Documentary Papyri (DDbDP); metadata: Heidelberger
Gesamtverzeichnis der griechischen Papyrusurkunden Ägyptens (HGV); via papyri.info
(github.com/papyri/idp.data), licensed CC BY 3.0."
ATD-000029,69-79 AD,Thebes,Petechonsis son of Psansnos,Chatabous and partners,bath tax,0.1429,drachmas,money,O.Heid. 158,"Original Text:
1 Χαταβο̣ῦ̣ς̣ καὶ μ(έτοχοι) τελ(ῶναι) θη(σαυροῦ) ἱε(ρῶν) Πετ̣ε̣χώ̣(νσει)
2 Ψανσνῶτ(ος) ἠπη(τῇ) χαί(ρειν). ἀπέχο(μεν)
3 [τὸ βαλ(ανευτικὸν) τοῦ ...] (ἔτους?) Ο̣ὐ̣ε̣σπα̣σ̣ιανοῦ
4 [τοῦ κυρίου ...] (1 ὀβολόν).

English translation:
1 Chatabous and partners, tax-farmers of the sacred treasury, to Petechonsis
2 son of Psansnos, mender, greeting. We have received
3 [the bath tax of the ...] (year?) of Vespasian
4 [the lord ...] 1 ob.

Original text: Duke Databank of Documentary Papyri (DDbDP); metadata: Heidelberger
Gesamtverzeichnis der griechischen Papyrusurkunden Ägyptens (HGV); via papyri.info
(github.com/papyri/idp.data), licensed CC BY 3.0."
ATD-000030,2 Oct 80-2 Oct 81 AD (?),Thebes,Herieus son of Pikos son of Apollonios,Dekmos,dike tax,6.5714,drachmas,money,O.Heid. 166,"Original Text:
1 διαγέ̣γ̣ρα(φεν) Ἑριε̣ὺ̣ς Πικῶτο(ς)
2 Ἀπολλωνίο(υ) ὑπ(ὲρ) χω(ματικοῦ) Ἀγο(ρῶν) Β̣ο̣(ρρᾶ) β̣ (ἔτους)
3 (δραχμὰς) ϛ (τετρώβολον), β̣(αλανευτικοῦ) (4 1/2 ὀβολοὺς), (γίνονται) ζ(2 1/2 ὀβολοὶ) καὶ πρ̣οσ(διαγραφόμενα). (ἔτους) γ̣ Τ̣ί̣τ̣ο̣υ̣
4 τ̣ο̣ῦ κυρίου Θὼτ λε. Δέκ̣μ̣ο(ς) σεση(μείωμαι).

English translation:
1 Herieus son of Pikos
2 son of Apollonios has paid for dike tax of Agorai Borra of the 2nd year
3 6 dr. 4 ob., bath tax 4 1/2 ob., total 7 dr. 2 1/2 ob., and the extra charges. Year 3 of Titus
4 the lord, Thoth 35. I, Dekmos, have signed.

Original text: Duke Databank of Documentary Papyri (DDbDP); metadata: Heidelberger
Gesamtverzeichnis der griechischen Papyrusurkunden Ägyptens (HGV); via papyri.info
(github.com/papyri/idp.data), licensed CC BY 3.0."
ATD-000031,2 Oct 80-2 Oct 81 AD (?),Thebes,Herieus son of Pikos son of Apollonios,Dekmos,bath tax,0.6429,drachmas,money,O.Heid. 166,"Original Text:
1 διαγέ̣γ̣ρα(φεν) Ἑριε̣ὺ̣ς Πικῶτο(ς)
2 Ἀπολλωνίο(υ) ὑπ(ὲρ) χω(ματικοῦ) Ἀγο(ρῶν) Β̣ο̣(ρρᾶ) β̣ (ἔτους)
3 (δραχμὰς) ϛ (τετρώβολον), β̣(αλανευτικοῦ) (4 1/2 ὀβολοὺς), (γίνονται) ζ(2 1/2 ὀβολοὶ) καὶ πρ̣οσ(διαγραφόμενα). (ἔτους) γ̣ Τ̣ί̣τ̣ο̣υ̣
4 τ̣ο̣ῦ κυρίου Θὼτ λε. Δέκ̣μ̣ο(ς) σεση(μείωμαι).

English translation:
1 Herieus son of Pikos
2 son of Apollonios has paid for dike tax of Agorai Borra of the 2nd year
3 6 dr. 4 ob., bath tax 4 1/2 ob., total 7 dr. 2 1/2 ob., and the extra charges. Year 3 of Titus
4 the lord, Thoth 35. I, Dekmos, have signed.

Original text: Duke Databank of Documentary Papyri (DDbDP); metadata: Heidelberger
Gesamtverzeichnis der griechischen Papyrusurkunden Ägyptens (HGV); via papyri.info
(github.com/papyri/idp.data), licensed CC BY 3.0."
ATD-000032,13 Dec 95 AD,Thebes,Loukolou[...],,land tax,0.6429,drachmas,money,O.Heid. 173,"Original Text:
1 δια(γέγραφεν) Λουκο̣λο̣υ̣ ....( ) ὑπ(ὲρ)
2 φ̣ο(ινικώνων) ἱε(ρατικῶν) ιδ (ἔτους) τετροβολ ἡμ(ιωβέλιον),
3 (γίνονται) (4 1/2 ὀβολοὶ) καὶ π̣ρ̣ο(σδιαγραφόμενα). (ἔτους) ιε Δομι̣τ̣ι̣α̣ν̣ο̣ῦ̣
4 Ἁθὺρ λιϛ. ...

English translation:
1 Loukolou ....( ) has paid for
2 temple palm groves of the 14th year four obols half-obol,
3 total 4 1/2 ob., and the extra charges. Year 15 of Domitian,
4 Hathyr 46. ...

Original text: Duke Databank of Documentary Papyri (DDbDP); metadata: Heidelberger
Gesamtverzeichnis der griechischen Papyrusurkunden Ägyptens (HGV); via papyri.info
(github.com/papyri/idp.data), licensed CC BY 3.0."
ATD-000033,2 Sep 94-2 Sep 96 AD (?),Thebes,Phaminis son of Phaminis,Ischyrion,dike tax,,,,O.Heid. 174,"Original Text:
1 δια̣(γέγραφεν) Φαμῖν̣ις Φαμ̣ί̣ν̣ι̣ο̣ς̣
2 ὑπ(ὲρ) χω(ματικοῦ) Χά(ρακος) ιε̣ (ἔτους) (δραχμὰς) .....(πεντώβολον).
3 κ̣(αὶ) προ(σδιαγραφόμενα). (ἔτους) ιε̣ Δο̣μ̣ι̣τ̣ι̣α̣ν̣ο̣ῦ̣ τ̣ο̣ῦ̣ κ̣υ̣ρ̣ί̣ο̣υ̣
4 Μεσο(ρὴ) λι. Ἰσχυ(ρίων).

English translation:
1 Phaminis son of Phaminis has paid
2 for dike tax of Charax of the 15th year drachmas ..... 5 ob.
3 and the extra charges. Year 15 of Domitian the lord,
4 Mesore 40. Ischyrion.

Original text: Duke Databank of Documentary Papyri (DDbDP); metadata: Heidelberger
Gesamtverzeichnis der griechischen Papyrusurkunden Ägyptens (HGV); via papyri.info
(github.com/papyri/idp.data), licensed CC BY 3.0."
ATD-000034,25 Jun-24 Jul 97 AD (?),Thebes,Herieus son of Phthoumonthes,,poll tax,4,drachmas,money,O.Heid. 175,"Original Text:
1 διέγρα(ψεν) Ἑριεὺς Φθουμώνθ(ου) ὑπ(ὲρ)
2 λ̣α̣ο̣(γραφίας) Νό̣(του) .. (ἔτους) (δραχμὰς) τέ̣σ̣[σα]ρ̣α̣ς̣, (γίνονται) ῥ̣υπ(αραὶ) (δραχμαὶ) δ.
3 (ἔτους) [...] Ν̣έρουα̣ τοῦ κυ̣[ρίου] Ἐ̣πὶφ̣ ..
4 ....

English translation:
1 Herieus son of Phthoumonthes has paid for
2 poll tax of Notos of the .. year four drachmas, total 4 dirty dr.
3 Year [...] of Nerva the lo[rd], Epeiph ..
4 ....

Original text: Duke Databank of Documentary Papyri (DDbDP); metadata: Heidelberger
Gesamtverzeichnis der griechischen Papyrusurkunden Ägyptens (HGV); via papyri.info
(github.com/papyri/idp.data), licensed CC BY 3.0."
ATD-000035,29 Aug 97 AD (?),Thebes,Osoroeris son of Pete[...],Herakleides,animal tax,4,drachmas,money,O.Heid. 176,"Original Text:
1 διέγρα(ψεν) Ὀσορο(ῆρις) Πετε.. ὑπ(ὲρ) ἐννομ(ίου)
2 α (ἔτους) (δραχμὰς) τέσσαρες, (γίνονται) (δραχμαὶ) δ κ(αὶ) προ(σδιαγραφόμενα).
3 (ἔτους) α Νέρουα τοῦ κυρίου Μ̣ε̣σ̣ο̣(ρὴ) λϛ.
4 Ἡρακ(λείδης) σ̣ε̣σ̣η̣μ̣(είωμαι).

English translation:
1 Osoroeris son of Pete.. has paid for pasture tax
2 of the 1st year four drachmas, total 4 dr., and the extra charges.
3 Year 1 of Nerva the lord, Mesore 36.
4 I, Herakleides, have signed.

Original text: Duke Databank of Documentary Papyri (DDbDP); metadata: Heidelberger
Gesamtverzeichnis der griechischen Papyrusurkunden Ägyptens (HGV); via papyri.info
(github.com/papyri/idp.data), licensed CC BY 3.0."
ATD-000036,8 Nov 97 AD,Thebes,Osoroueris son of Horos,,other,4,drachmas,money,O.Heid. 177,"Original Text:
1 δια̣γέ̣γ̣ρ̣α̣(φεν) Ὀσορουῆ(ρις) Ὥρου
2 ὑπ(ὲρ) πλινθ α (ἔτους) (δραχμὰς) δ καὶ π̣ρ̣ο̣(σδιαγραφόμενα).
3 (ἔτους) β Αὐτοκράτορος Καίσαρος
4 Νέρουα Σεβαστοῦ
5 Φαῶφι λιβ. Α..

English translation:
1 Osoroueris son of Horos has paid
2 for plinth( ) (bricks?) of the 1st year 4 dr. and the extra charges.
3 Year 2 of Imperator Caesar
4 Nerva Augustus,
5 Phaophi 42. A..

Original text: Duke Databank of Documentary Papyri (DDbDP); metadata: Heidelberger
Gesamtverzeichnis der griechischen Papyrusurkunden Ägyptens (HGV); via papyri.info
(github.com/papyri/idp.data), licensed CC BY 3.0."
ATD-000037,101-150 AD (?),Thebes,Peteosoroueris son of Harpaesis son of Senpamonthes,,,8,drachmas,money,O.Heid. 184,"Original Text:
1 δια̣γ̣έ̣γρα(φεν) Πετεοσορου̣[ῆρις ...]
2 Ἁ̣ρπ̣α̣ή̣(σιος) τ̣ο̣ῦ̣ Σ̣ε̣ν̣π̣α̣μ̣[ώνθου ὑπ(ὲρ)] [λαο(γραφίας)(?)... (ἔτους)]
3 Ἀγο̣(ρῶν) Β̣ο(ρρᾶ) ῥυπ(αρὰς) (δραχμὰς) ὀκτώι, (γίνονται) η. (ἔτους?) .[...]
4 τοῦ κυρίου Τῦβι λε. ..[...]
5 ἄλλαι λϛ κέρμ(ατος) (δραχμὰς) τέσαρος̣ .[...]
6 .. ῥυπ(αροὺς) ὀβολ(οὺς) τριάκοντα , (γίνονται) [ῥυπ(αροὶ) (ὀβολοὺς) λ.]

English translation:
1 Peteosorou[eris ...] has paid
2 son of Harpaesis son of Senpam[onthes for] [poll tax(?) ... year]
3 of Agorai Borra eight dirty drachmas, total 8. (Year?) .[...]
4 the lord, Tybi 35. ..[...]
5 further, on the 36th, in small change four drachmas .[...]
6 .. thirty dirty obols, total [30 dirty ob.]

Original text: Duke Databank of Documentary Papyri (DDbDP); metadata: Heidelberger
Gesamtverzeichnis der griechischen Papyrusurkunden Ägyptens (HGV); via papyri.info
(github.com/papyri/idp.data), licensed CC BY 3.0."
ATD-000038,101-150 AD (?),Thebes,Peteosoroueris son of Harpaesis son of Senpamonthes,,,4,drachmas,money,O.Heid. 184,"Original Text:
1 δια̣γ̣έ̣γρα(φεν) Πετεοσορου̣[ῆρις ...]
2 Ἁ̣ρπ̣α̣ή̣(σιος) τ̣ο̣ῦ̣ Σ̣ε̣ν̣π̣α̣μ̣[ώνθου ὑπ(ὲρ)] [λαο(γραφίας)(?)... (ἔτους)]
3 Ἀγο̣(ρῶν) Β̣ο(ρρᾶ) ῥυπ(αρὰς) (δραχμὰς) ὀκτώι, (γίνονται) η. (ἔτους?) .[...]
4 τοῦ κυρίου Τῦβι λε. ..[...]
5 ἄλλαι λϛ κέρμ(ατος) (δραχμὰς) τέσαρος̣ .[...]
6 .. ῥυπ(αροὺς) ὀβολ(οὺς) τριάκοντα , (γίνονται) [ῥυπ(αροὶ) (ὀβολοὺς) λ.]

English translation:
1 Peteosorou[eris ...] has paid
2 son of Harpaesis son of Senpam[onthes for] [poll tax(?) ... year]
3 of Agorai Borra eight dirty drachmas, total 8. (Year?) .[...]
4 the lord, Tybi 35. ..[...]
5 further, on the 36th, in small change four drachmas .[...]
6 .. thirty dirty obols, total [30 dirty ob.]

Original text: Duke Databank of Documentary Papyri (DDbDP); metadata: Heidelberger
Gesamtverzeichnis der griechischen Papyrusurkunden Ägyptens (HGV); via papyri.info
(github.com/papyri/idp.data), licensed CC BY 3.0."
ATD-000039,101-150 AD (?),Thebes,Peteosoroueris son of Harpaesis son of Senpamonthes,,,4.2857,drachmas,money,O.Heid. 184,"Original Text:
1 δια̣γ̣έ̣γρα(φεν) Πετεοσορου̣[ῆρις ...]
2 Ἁ̣ρπ̣α̣ή̣(σιος) τ̣ο̣ῦ̣ Σ̣ε̣ν̣π̣α̣μ̣[ώνθου ὑπ(ὲρ)] [λαο(γραφίας)(?)... (ἔτους)]
3 Ἀγο̣(ρῶν) Β̣ο(ρρᾶ) ῥυπ(αρὰς) (δραχμὰς) ὀκτώι, (γίνονται) η. (ἔτους?) .[...]
4 τοῦ κυρίου Τῦβι λε. ..[...]
5 ἄλλαι λϛ κέρμ(ατος) (δραχμὰς) τέσαρος̣ .[...]
6 .. ῥυπ(αροὺς) ὀβολ(οὺς) τριάκοντα , (γίνονται) [ῥυπ(αροὶ) (ὀβολοὺς) λ.]

English translation:
1 Peteosorou[eris ...] has paid
2 son of Harpaesis son of Senpam[onthes for] [poll tax(?) ... year]
3 of Agorai Borra eight dirty drachmas, total 8. (Year?) .[...]
4 the lord, Tybi 35. ..[...]
5 further, on the 36th, in small change four drachmas .[...]
6 .. thirty dirty obols, total [30 dirty ob.]

Original text: Duke Databank of Documentary Papyri (DDbDP); metadata: Heidelberger
Gesamtverzeichnis der griechischen Papyrusurkunden Ägyptens (HGV); via papyri.info
(github.com/papyri/idp.data), licensed CC BY 3.0."
ATD-000040,28 Mar 111 AD,Thebes,Apollodoros son of Pikos,Pe[...] and partners,poll tax,12,drachmas,money,O.Heid. 186,"Original Text:
1 Πε̣.. καὶ μ(έτοχοι) πρά(κτορες) μη(τροπόλεως) Ἀπολλόδωρο
2 Πικ̣ῶ̣τ̣ο̣(ς) ...χρα̣. ἔσχ(ομεν) ὑπ(ὲρ) λαο(γραφίας)
3 Ἀγο(ρῶν) Βο(ρρᾶ) ιδ (ἔτους) ῥυπ(αρὰς) (δραχμὰς) δώδεκα,
4 (γίνονται) (δραχμαὶ) ιβ. (ἔτους) ιδ Τραιανοῦ
5 τοῦ κυρίου Φαμε(νώθ) λβ.
6 Α σεση(μείωμαι)

English translation:
1 Pe.. and partners, collectors of the metropolis, to Apollodoros
2 son of Pikos ...chra. We have received for poll tax
3 of Agorai Borra of the 14th year twelve dirty drachmas,
4 total 12 dr. Year 14 of Trajan
5 the lord, Phamenoth 32.
6 I, A, have signed.

Original text: Duke Databank of Documentary Papyri (DDbDP); metadata: Heidelberger
Gesamtverzeichnis der griechischen Papyrusurkunden Ägyptens (HGV); via papyri.info
(github.com/papyri/idp.data), licensed CC BY 3.0."
ATD-000041,11 May 114 AD,Thebes,Paeris son of Pa[...],Sokrates,other,0.5714,drachmas,money,O.Heid. 189,"Original Text:
1 Σωκράτ(ης) ἀπαιτ̣ητὴς [...].....
2 Παῆρ̣ις Πα... Κολαμα̣ῦ̣ς̣. ἔσχο̣ν̣ ὑπ(ὲρ)
3 παλαιᾶς ἐχθέσ̣ε̣ω̣ς̣ τετρώ̣β̣ο̣λ̣(ον), (γίνονται) (τετρώβολον).
4 (ἔτους) ιζ Τραιανοῦ τοῦ κυρίου Παχ̣ὼ̣ν̣ ιϛ̣.

English translation:
1 Sokrates, collector [...].....
2 to Paeris son of Pa... Kolamaus. I have received for
3 old arrears a tetrobol, total 4 ob.
4 Year 17 of Trajan the lord, Pachon 16.

Original text: Duke Databank of Documentary Papyri (DDbDP); metadata: Heidelberger
Gesamtverzeichnis der griechischen Papyrusurkunden Ägyptens (HGV); via papyri.info
(github.com/papyri/idp.data), licensed CC BY 3.0."
ATD-000042,24 Mar 115 AD,Thebes,Petenouphis son of Horos,Imouthes and partners,poll tax,12,drachmas,money,O.Heid. 191,"Original Text:
1 Ἰμούθης καὶ μ(έτοχοι) Πετενο̣ύ̣φει Ὥρου
2 μη(τρὸς) Σενφιλάμμωνο(ς). ἔσχ(ομεν) ὑπ(ὲρ) λα̣ο(γραφίας) Ἀγο(ρῶν) Βο(ρρᾶ)
3 ιη̣ (ἔτους) ῥυπ(άρας) (δραχμὰς) δώδεκα, (γίνονται) ῥυπ(αραὶ) (δραχμαὶ) ιβ. (ἔτους) ιη̣
4 Τραιανοῦ Ἀρίστου τοῦ κυρίου
5 Φαρμο(ῦθι) κη. Α σ(εσ)η(μείωμαι)

English translation:
1 Imouthes and partners to Petenouphis son of Horos,
2 his mother being Senphilammon. We have received for poll tax of Agorai Borra
3 of the 18th year twelve dirty drachmas, total 12 dirty dr. Year 18
4 of Trajan Optimus the lord,
5 Pharmouthi 28. I, A, have signed.

Original text: Duke Databank of Documentary Papyri (DDbDP); metadata: Heidelberger
Gesamtverzeichnis der griechischen Papyrusurkunden Ägyptens (HGV); via papyri.info
(github.com/papyri/idp.data), licensed CC BY 3.0."
ATD-000043,21 Sep 121 AD,Thebes,M[...],Phaeris,mixed,7.75,drachmas,money,O.Heid. 192,"Original Text:
1 Φαῆ(ρις) πρά(κτωρ) ἀργυ(ρικῶν) Μ... Ἁ̣ρυ
2 ..τ Σ̣ε̣ν̣θ. ἔσχ(ον) ὑπὲρ χω(ματικοῦ)
3 καὶ βαλ(ανευτικοῦ) Χά(ρακος) ε (ἔτους) ῥυπ(αρὰς) (δραχμὰς) ἑπτὰ (πεντώβολον) [(2 χαλκοῦς)]
4 (γίνονται) (δραχμαὶ) ζ (πεντώβολον) (2 χαλκοῦς)
5 Θὼθ κδ.

English translation:
1 Phaeris, collector of money taxes, to M... son of Harys(?)
2 ..t Senth. I have received for dike tax
3 and bath tax of Charax of the 5th year seven dirty drachmas 5 ob. [2 ch.],
4 total 7 dr. 5 ob. 2 ch.
5 Thoth 24.

Original text: Duke Databank of Documentary Papyri (DDbDP); metadata: Heidelberger
Gesamtverzeichnis der griechischen Papyrusurkunden Ägyptens (HGV); via papyri.info
(github.com/papyri/idp.data), licensed CC BY 3.0."
ATD-000044,23 Mar 124 AD,Thebes,Phthomonthes son of Panameus,Postomos alias Horos,mixed,12,drachmas,money,O.Heid. 195,"Original Text:
1 Πόστομο(ς) ὁ καὶ Ὧρο̣(ς) πράκ(τωρ) ἀργ(υρικῶν)
2 Φθομόνθ(ῃ) Παναμέ̣ω̣ς. ἔσχ(ον) ὑπ(ὲρ) λαο(γραφίας)
3 καὶ βα(λανευτικοῦ) Ἀγο(ρῶν) β το̣ῦ η (ἔτους) ῥυπ(αρὰς) δραχ(μὰς) δώδ̣ε̣[κα],
4 (γίνονται) ῥυπ(αραὶ) (δραχμαὶ) ιβ. (ἔτους) η Ἁδρ(ιανοῦ) τ̣ο̣ῦ̣ κ̣υ̣(ρίου) Φαμε̣ν(ὼθ)
5 κ̅ζ̅ Α. σεσ̣η̣(μείωμαι)

English translation:
1 Postomos alias Horos, collector of money taxes,
2 to Phthomonthes son of Panameus. I have received for poll tax
3 and bath tax of Agorai 2 of the 8th year twel[ve] dirty drachmas,
4 total 12 dirty dr. Year 8 of Hadrian the lord, Phamenoth
5 27. I, A, have signed.

Original text: Duke Databank of Documentary Papyri (DDbDP); metadata: Heidelberger
Gesamtverzeichnis der griechischen Papyrusurkunden Ägyptens (HGV); via papyri.info
(github.com/papyri/idp.data), licensed CC BY 3.0."
ATD-000045,23 Sep 124 AD,Thebes,Pamonthes son of Petechespochrates son of Psenph[...],Postomos alias Horos son of Postomos,mixed,7.5357,drachmas,money,O.Heid. 197,"Original Text:
1 Πόστομος ὁ καὶ Ὧρος Ποστόμ(ου)
2 πράκ(τωρ) ἀργ(υρικῶν) Π̣α̣μ̣ώ̣ν̣θ(ῃ) Πετεχεσπο̣χ(ράτου)
3 Ψ̣εν̣φ...ι̣ο̣(ς). ἔσ̣χ̣ο̣(ν) ὑ̣π̣(ὲρ) χ̣ω̣μ̣α̣τ(ικοῦ) καὶ
4 β̣α̣λ̣(ανευτικοῦ) ὀγδόου̣ ἔτου̣ς̣ ῥυπ(αρὰς) δραχ(μὰς) ἑπτὰ
5 τριώβ̣(ολον) ἡμ̣ι̣ω̣(βέλιον) δ̣ί̣χ̣α̣λ̣κ̣(ον), (γίνονται) ῥ̣υ̣π̣(αραὶ) (δραχμαὶ) ζ̣ (τριώβολον) (ἡμιωβέλιον?) χ̣(αλκοῖ) β̣.
6 (ἔτους?) θ̣ Ἁ̣δ̣ριαν̣ο̣ῦ̣ Κ̣α̣ί̣σ̣α̣ρ̣ο̣ς̣ τ̣[οῦ]
7 κυρίου Θὼτ κ̅ς̅.

English translation:
1 Postomos alias Horos son of Postomos,
2 collector of money taxes, to Pamonthes son of Petechespochrates
3 son of Psenph...ios. I have received for dike tax and
4 bath tax of the eighth year seven dirty drachmas
5 three obols half-obol two chalkoi, total 7 dirty dr. 3 ob. 1/2 ob.(?) 2 ch.
6 (Year?) 9 of Hadrian Caesar t[he]
7 lord, Thoth 26.

Original text: Duke Databank of Documentary Papyri (DDbDP); metadata: Heidelberger
Gesamtverzeichnis der griechischen Papyrusurkunden Ägyptens (HGV); via papyri.info
(github.com/papyri/idp.data), licensed CC BY 3.0."
ATD-000046,12 Mar 125 AD,Thebes,Phthoumonthes son of Panameus,Spotous; Imouthes,mixed,8,drachmas,money,O.Heid. 198,"Original Text:
1 Σποτοῦς πράκ(τωρ) ἀργυ(ρικῶν) Φθουμώνθ(ει)
2 Παναµέως. ἔσχ(ον) ὑπ(ὲρ) λαο(γραφίας) καὶ βαλ(ανευτικοῦ)
3 τ̣ο̣ῦ̣ ἐν̣ά̣τ̣ου ἔτους ῥυπ(αρὰς) δραχ(μὰς)
4 ὀ̣κ̣τ̣ώ̣, (γίνονται) ῥυ̣π̣(αραὶ) (δραχμαὶ) η. (ἔτους) θ̅ Ἁδριανο̣ῦ
5 τ̣ο̣ῦ̣ κ̣υρίου Φαμενὼθ ι̅ϛ̅.
6 Ἰμ̣[ο]ύ(θης) σεση(μείωμαι).
7 [ἄλ(λας) ὑπ(ὲρ)] λ̣αο(γραφίας) καὶ βα̣λ(ανευτικοῦ) θ̣ (ἔτους?) [...]

English translation:
1 Spotous, collector of money taxes, to Phthoumonthes
2 son of Panameus. I have received for poll tax and bath tax
3 of the ninth year dirty drachmas
4 eight, total 8 dirty dr. Year 9 of Hadrian
5 the lord, Phamenoth 16.
6 I, Im[o]uthes, have signed.
7 [Further for] poll tax and bath tax of the 9th (year?) [...]

Original text: Duke Databank of Documentary Papyri (DDbDP); metadata: Heidelberger
Gesamtverzeichnis der griechischen Papyrusurkunden Ägyptens (HGV); via papyri.info
(github.com/papyri/idp.data), licensed CC BY 3.0."
ATD-000047,12 Mar 125 AD,Thebes,Phthoumonthes son of Panameus,,mixed,,,,O.Heid. 198,"Original Text:
1 Σποτοῦς πράκ(τωρ) ἀργυ(ρικῶν) Φθουμώνθ(ει)
2 Παναµέως. ἔσχ(ον) ὑπ(ὲρ) λαο(γραφίας) καὶ βαλ(ανευτικοῦ)
3 τ̣ο̣ῦ̣ ἐν̣ά̣τ̣ου ἔτους ῥυπ(αρὰς) δραχ(μὰς)
4 ὀ̣κ̣τ̣ώ̣, (γίνονται) ῥυ̣π̣(αραὶ) (δραχμαὶ) η. (ἔτους) θ̅ Ἁδριανο̣ῦ
5 τ̣ο̣ῦ̣ κ̣υρίου Φαμενὼθ ι̅ϛ̅.
6 Ἰμ̣[ο]ύ(θης) σεση(μείωμαι).
7 [ἄλ(λας) ὑπ(ὲρ)] λ̣αο(γραφίας) καὶ βα̣λ(ανευτικοῦ) θ̣ (ἔτους?) [...]

English translation:
1 Spotous, collector of money taxes, to Phthoumonthes
2 son of Panameus. I have received for poll tax and bath tax
3 of the ninth year dirty drachmas
4 eight, total 8 dirty dr. Year 9 of Hadrian
5 the lord, Phamenoth 16.
6 I, Im[o]uthes, have signed.
7 [Further for] poll tax and bath tax of the 9th (year?) [...]

Original text: Duke Databank of Documentary Papyri (DDbDP); metadata: Heidelberger
Gesamtverzeichnis der griechischen Papyrusurkunden Ägyptens (HGV); via papyri.info
(github.com/papyri/idp.data), licensed CC BY 3.0."
ATD-000048,128-129 AD (?),Thebes,Panameis son of Psenamounis,[...] and partners,mixed,4.1429,drachmas,money,O.Heid. 199,"Original Text:
1 --κ̣α̣ὶ̣ μ̣(έτ)ο̣χ̣(οι) πράκ̣(τορες) ἀργ(υρικῶν) Παν̣α̣με̣ῖ
2 --Ψ̣εναμούνιο(ς).
3 ἔ̣σ̣χ̣(ομεν) ὑπ(ὲρ) σκ̣ο̣(πέλων) καὶ ἄλ(λων) Νό(του) ιγ (ἔτους)
4 ῥυ̣π̣(αρὰς) [δρα]χ̣(μὰς) τ̣έ̣σ̣[σαρας ὀβολόν, (γίνονται)]
5 (δραχμαὶ?) δ (ὀβολὸν) (ἔτους) ιγ .......[...]
6 --

English translation:
1 -- and partners, collectors of money taxes, to Panameis
2 -- son of Psenamounis.
3 We have received for watchtowers and others of Notos of the 13th year
4 dirty [dra]chmas fo[ur, one obol, total]
5 4 dr.(?) 1 ob. Year 13 .......[...]
6 --

Original text: Duke Databank of Documentary Papyri (DDbDP); metadata: Heidelberger
Gesamtverzeichnis der griechischen Papyrusurkunden Ägyptens (HGV); via papyri.info
(github.com/papyri/idp.data), licensed CC BY 3.0."
ATD-000049,129 AD (?),Thebes,[...] son of Peteme[...],[...]ias and partners,bath tax,,,,O.Heid. 200,"Original Text:
1 [...]ιας̣ κ(αὶ) μέ(τοχοι) τε̣λ(ῶναι) θησα(υροῦ) ἱερ(ῶν)
2 ..λ̣ισ.ε.ε. Πε̣τ̣ε̣μ̣ε̣....
3 ἀπέσ̣χο̣(μεν) τὸ βαλ̣(ανευτικόν). (ἔτους) [...]α̣νοῦ
4 τ̣ο̣ῦ̣ κ̣[υρίο]υ̣ .

English translation:
1 [...]ias and partners, tax-farmers of the sacred treasury,
2 to ..lis.e.e. son of Peteme....
3 We have received the bath tax. Year [...]an
4 the l[or]d .

Original text: Duke Databank of Documentary Papyri (DDbDP); metadata: Heidelberger
Gesamtverzeichnis der griechischen Papyrusurkunden Ägyptens (HGV); via papyri.info
(github.com/papyri/idp.data), licensed CC BY 3.0."
ATD-000050,17 Apr 129 AD,Thebes,Horos the younger son of Me[...],Theon,poll tax,5.2857,drachmas,money,O.Heid. 202,"Original Text:
1 Θέω(ν) πράκ(τωρ) Ὥρωι ν(εωτέρῳ) Με̣.[...]
2 μη̣(τρὸς) Σ̣ε̣ν̣ι̣ε̣ραξ. ἔσχ(ον) ὑπ(ὲρ) λ̣αο(γραφίας) Ἀγο(ρῶν) [Βο(ρρᾶ)]
3 ιβ (ἔτους) ῥυπ(αρὰς) (δραχμὰς) πέντε ὀβολ(οὺς) δύο,
4 (γίνονται) (δραχμαὶ) ε (διώβολον) (ἔτους) ιγ̣ Ἁδριανοῦ τοῦ κυρίου
5 Φαρμοῦ(θι) κ̣β̣.

English translation:
1 Theon, collector, to Horos the younger son of Me.[...],
2 his mother being Senierax. I have received for poll tax of Agorai [Borra]
3 of the 12th year five dirty drachmas two obols,
4 total 5 dr. 2 ob. Year 13 of Hadrian the lord,
5 Pharmouthi 22.

Original text: Duke Databank of Documentary Papyri (DDbDP); metadata: Heidelberger
Gesamtverzeichnis der griechischen Papyrusurkunden Ägyptens (HGV); via papyri.info
(github.com/papyri/idp.data), licensed CC BY 3.0."
ATD-000051,28 Sep 129 AD,Thebes,Phthoumonthes son of Petechespochrates son of Pa[...],Theon,mixed,7.75,drachmas,money,O.Heid. 203,"Original Text:
1 Θέων πράκ(τωρ) Φθουμώ(νθῃ)
2 Πετεχεσπ(οχράτους) Πα... ἔσχ(ον) ὑπ(ὲρ)
3 χωμ̣α̣(τικοῦ) καὶ βαλ(ανευτικοῦ) Ἀγο(ρῶν) Βο(ρρᾶ) ιγ (ἔτους) ῥυπ(αρὰς)
4 (δραχμὰς) ζ (πεντώβολον) (χαλκοῦς 2) (ἔτους) ιδ Ἁδριανοῦ τοῦ
5 κυρίου Φαῶ(φι) α̅.

English translation:
1 Theon, collector, to Phthoumonthes
2 son of Petechespochrates son of Pa... I have received for
3 dike tax and bath tax of Agorai Borra of the 13th year dirty
4 drachmas 7 dr. 5 ob. 2 ch. Year 14 of Hadrian the
5 lord, Phaophi 1.

Original text: Duke Databank of Documentary Papyri (DDbDP); metadata: Heidelberger
Gesamtverzeichnis der griechischen Papyrusurkunden Ägyptens (HGV); via papyri.info
(github.com/papyri/idp.data), licensed CC BY 3.0."
ATD-000052,130-152 AD (?),Thebes,,,mixed,4,drachmas,money,O.Heid. 204,"Original Text:
1 [...] .. πράκ(τ ) ἀργυ(ρικῶν) δι(ὰ) .ρ̣ε̣ι̣θ
2 [...]..ως. ἔσχ(ο ) ὑπ(ὲρ) λαο(γραφίας) καὶ βαλ(ανευτικοῦ)
3 [τοῦ] [...] [ἔτους] ῥ̣υ̣π(αρὰς) (δραχμὰς) τέσσαρας, (γίνονται) ῥ̣υ̣π̣(αραὶ) (δραχμαὶ) δ. (ἔτους) ιε
4 [...].....

English translation:
1 [...] .. collector(s) of money taxes, through .reith
2 [...]..os. I (we) have received for poll tax and bath tax
3 [of the] [...] [year] four dirty drachmas, total 4 dirty dr. Year 15
4 [...].....

Original text: Duke Databank of Documentary Papyri (DDbDP); metadata: Heidelberger
Gesamtverzeichnis der griechischen Papyrusurkunden Ägyptens (HGV); via papyri.info
(github.com/papyri/idp.data), licensed CC BY 3.0."
ATD-000053,131-138 AD,Thebes,Psen[...],Gaios,other,,,,O.Heid. 205,"Original Text:
1 Γάιος .[...]
2 Ψεν..[...]
3 π̣ρόσ̣θεσιν [...]
4 ἀργυ(ρίου) ῥυπ(αρὰς) δρα̣[χ(μὰς)] [], (γίνονται) [(δραχμαὶ) , (ἔτους) ]
5 Ἁδριανοῦ τοῦ [κ]υρίου μη(νὸς) Ἁδριανοῦ ιε.
6 vac. Π σεση(μείωμαι).
7 ἄλ(λας) Μεχεὶρ γ̅ ἄλ(λας) δρα̣χ(μὰς) εἴκοσι τέσσαρα̣(ς),
8 (γίνονται) (δραχμαὶ) κδ. Γάιο(ς) σεση(μείωμαι). ἄλ(λας) Τῦβ(ι) ζ̅ ἄλλας
9 δρα̣χ(μὰς) δώδ[ε]κ̣α, (γίνονται) (δραχμαὶ) ιβ. Π σεση(μείωμαι).
10 ...

English translation:
1 Gaios .[...]
2 Psen..[...]
3 supplement [...]
4 dirty silver drachmas [...], total [... dr., year ...]
5 of Hadrian the lord, month Hadrianos 15.
6 P. I have signed.
7 Further, Mecheir 3, further twenty-four drachmas,
8 total 24 dr. I, Gaios, have signed. Further, Tybi 7, further
9 twelve drachmas, total 12 dr. P. I have signed.
10 ...

Original text: Duke Databank of Documentary Papyri (DDbDP); metadata: Heidelberger
Gesamtverzeichnis der griechischen Papyrusurkunden Ägyptens (HGV); via papyri.info
(github.com/papyri/idp.data), licensed CC BY 3.0."
ATD-000054,131-138 AD,Thebes,Psen[...],Gaios,,24,drachmas,money,O.Heid. 205,"Original Text:
1 Γάιος .[...]
2 Ψεν..[...]
3 π̣ρόσ̣θεσιν [...]
4 ἀργυ(ρίου) ῥυπ(αρὰς) δρα̣[χ(μὰς)] [], (γίνονται) [(δραχμαὶ) , (ἔτους) ]
5 Ἁδριανοῦ τοῦ [κ]υρίου μη(νὸς) Ἁδριανοῦ ιε.
6 vac. Π σεση(μείωμαι).
7 ἄλ(λας) Μεχεὶρ γ̅ ἄλ(λας) δρα̣χ(μὰς) εἴκοσι τέσσαρα̣(ς),
8 (γίνονται) (δραχμαὶ) κδ. Γάιο(ς) σεση(μείωμαι). ἄλ(λας) Τῦβ(ι) ζ̅ ἄλλας
9 δρα̣χ(μὰς) δώδ[ε]κ̣α, (γίνονται) (δραχμαὶ) ιβ. Π σεση(μείωμαι).
10 ...

English translation:
1 Gaios .[...]
2 Psen..[...]
3 supplement [...]
4 dirty silver drachmas [...], total [... dr., year ...]
5 of Hadrian the lord, month Hadrianos 15.
6 P. I have signed.
7 Further, Mecheir 3, further twenty-four drachmas,
8 total 24 dr. I, Gaios, have signed. Further, Tybi 7, further
9 twelve drachmas, total 12 dr. P. I have signed.
10 ...

Original text: Duke Databank of Documentary Papyri (DDbDP); metadata: Heidelberger
Gesamtverzeichnis der griechischen Papyrusurkunden Ägyptens (HGV); via papyri.info
(github.com/papyri/idp.data), licensed CC BY 3.0."
ATD-000055,131-138 AD,Thebes,Psen[...],,,12,drachmas,money,O.Heid. 205,"Original Text:
1 Γάιος .[...]
2 Ψεν..[...]
3 π̣ρόσ̣θεσιν [...]
4 ἀργυ(ρίου) ῥυπ(αρὰς) δρα̣[χ(μὰς)] [], (γίνονται) [(δραχμαὶ) , (ἔτους) ]
5 Ἁδριανοῦ τοῦ [κ]υρίου μη(νὸς) Ἁδριανοῦ ιε.
6 vac. Π σεση(μείωμαι).
7 ἄλ(λας) Μεχεὶρ γ̅ ἄλ(λας) δρα̣χ(μὰς) εἴκοσι τέσσαρα̣(ς),
8 (γίνονται) (δραχμαὶ) κδ. Γάιο(ς) σεση(μείωμαι). ἄλ(λας) Τῦβ(ι) ζ̅ ἄλλας
9 δρα̣χ(μὰς) δώδ[ε]κ̣α, (γίνονται) (δραχμαὶ) ιβ. Π σεση(μείωμαι).
10 ...

English translation:
1 Gaios .[...]
2 Psen..[...]
3 supplement [...]
4 dirty silver drachmas [...], total [... dr., year ...]
5 of Hadrian the lord, month Hadrianos 15.
6 P. I have signed.
7 Further, Mecheir 3, further twenty-four drachmas,
8 total 24 dr. I, Gaios, have signed. Further, Tybi 7, further
9 twelve drachmas, total 12 dr. P. I have signed.
10 ...

Original text: Duke Databank of Documentary Papyri (DDbDP); metadata: Heidelberger
Gesamtverzeichnis der griechischen Papyrusurkunden Ägyptens (HGV); via papyri.info
(github.com/papyri/idp.data), licensed CC BY 3.0."
ATD-000056,20 Aug 133 AD (?),Thebes,[...]th son of Pete[...],,levy,1.7143,drachmas,money,O.Heid. 208,"Original Text:
1 [...] .. ἀπαιτ(ηταὶ) μερισ(μοῦ) ἐ̣ν̣λ̣ε̣ί̣μ̣(ματος) τ̣ε̣λ̣ω̣ν̣ι̣κ̣ῶ̣ν̣
2 [τοῦ (ἔτους) Ἁδριαν]ο̣ῦ̣ Καίσαρος τ̣ο̣ῦ̣ κ̣υ̣ρ̣ί̣ο̣υ̣. ἔ̣σ̣χ̣(ομεν)
3 [ὀνό(ματος)] ...θ̣ Π̣ε̣τ̣ε̣.. [κ]έ̣ρ̣μ̣(ατος) ὀβ̣(ολοὺς) δ̣ώ̣δεκ[α],
4 [(γίνονται) ὀβ(ολοὶ) ιβ. (ἔτους)] [ιζ(?)] Ἁδριανοῦ Καίσαρος τοῦ κυρίου
5 Μεσ̣ο̣ρ̣ὴ̣ κζ.

English translation:
1 [...] .., collectors of the levy for the deficit of the tax farmers
2 [of the ... year of Hadrian] Caesar the lord. We have received
3 [in the name of] ...th son of Pete.. in small change twelve obols,
4 [total 12 ob. Year] [17(?)] of Hadrian Caesar the lord,
5 Mesore 27.

Original text: Duke Databank of Documentary Papyri (DDbDP); metadata: Heidelberger
Gesamtverzeichnis der griechischen Papyrusurkunden Ägyptens (HGV); via papyri.info
(github.com/papyri/idp.data), licensed CC BY 3.0."
ATD-000057,18 Mar 134 AD,Thebes,Psennesis son of Horos,Kametis,mixed,12,drachmas,money,O.Heid. 209,"Original Text:
1 [Καμ]ῆτις πράκ(τωρ) ἀργ(υρικῶν) Ψεννήσ(ει) Ὥρ(ου)
2 [...].ωντ̣ μητ(ρὸς) Σεν̣κήτι(ος). ἔσχ(ον) ὑπ(ὲρ) λαογρ(αφίας)
3 [καὶ βαλ(ανευτικοῦ) Χά(ρακος)] [ι]η̣ (ἔτους) ῥυπ(αρὰς) δραχ(μὰς) δώδεκα
4 [(γίνονται) ῥυπ(αραὶ) (δραχμαὶ) ιβ]. (ἔτους?) ιη Ἁδριανοῦ
5 [τοῦ κυρίου Φαμεν]ὼθ κ̅β̅. σε̣σ̣(ημείωμαι).

English translation:
1 [Kam]etis, collector of money taxes, to Psennesis son of Horos
2 [...].ont, his mother being Senketis. I have received for poll tax
3 [and bath tax of Charax] of the [1]8th year twelve dirty drachmas,
4 [total 12 dirty dr.] Year 18 of Hadrian
5 [the lord, Phamen]oth 22. I have signed.

Original text: Duke Databank of Documentary Papyri (DDbDP); metadata: Heidelberger
Gesamtverzeichnis der griechischen Papyrusurkunden Ägyptens (HGV); via papyri.info
(github.com/papyri/idp.data), licensed CC BY 3.0."
ATD-000058,12 Jun 135 AD,Thebes,Panisneus son of Horos son of Phthou[...],Kottarion; Apion,levy,0.5,drachmas,money,O.Heid. 210,"Original Text:
1 Κοτταρίω(ν) καὶ Ἀπίω(ν)
2 Πανισνε̣υ̣ς̣ Ὥρου Φθου...
3 ἔσχ(ομεν) ὑπὲρ μερι⟨σ⟩μ(οῦ) πλι⟨ν⟩θ(ευομένης) κέρμ(ατος) ὀβολ(οὺς) τρεῖς
4 ἥμισυ. (ἔτους) ιθ Ἁδριανοῦ
5 τοῦ κυρίου Παῦνι ι̅η̅.
6 Ἀπίων σεσημ(είωμαι).

English translation:
1 Kottarion and Apion
2 to Panisneus son of Horos, grandson of Phthou...
3 We have received for the levy for brick-making in small change three
4 and a half obols. Year 19 of Hadrian
5 the lord, Pauni 18.
6 I, Apion, have signed.

Original text: Duke Databank of Documentary Papyri (DDbDP); metadata: Heidelberger
Gesamtverzeichnis der griechischen Papyrusurkunden Ägyptens (HGV); via papyri.info
(github.com/papyri/idp.data), licensed CC BY 3.0."
ATD-000059,28 Oct-26 Nov 138 AD,Thebes,Onnophris son of Spotous son of Pachnoumis,Psansnos; Kasianos,guard tax,4,drachmas,money,O.Heid. 213,"Original Text:
1 Ψανσνῶς καὶ Κασιανὸς πράκ(τορες)
2 ἀργυ(ρικῶν) Ὀννῶφρις Σποτοῦτος
3 Παχνού(μιος). ἔσχ(ομεν) ὑπ(ὲρ) σκο(πέλων) β (ἔτους) δραχ(μὰς)
4 τέσσαρες, (γίνονται) (δραχμαὶ) δ. (ἔτους) β Ἀντωνίνο̣υ̣
5 Καίσαρος τοῦ κυρίου Ἁθὺρ α̣̅.
6 Κασιανὸς δι(ὰ) Λο̣υ̣κ(ᾶτος) (δραχμὰς) δ

English translation:
1 Psansnos and Kasianos, collectors
2 of money taxes, (to) Onnophris son of Spotous,
3 grandson of Pachnoumis. We have received for watchtowers of the 2nd year
4 four drachmas, total 4 dr. Year 2 of Antoninus
5 Caesar the lord, Hathyr 1.
6 Kasianos, through Loukas: 4 dr.

Original text: Duke Databank of Documentary Papyri (DDbDP); metadata: Heidelberger
Gesamtverzeichnis der griechischen Papyrusurkunden Ägyptens (HGV); via papyri.info
(github.com/papyri/idp.data), licensed CC BY 3.0."
ATD-000060,138-139 AD,Thebes,Harendotes son of [...]inyris,Psansnos; Kasianos,,4,drachmas,money,O.Heid. 215,"Original Text:
1 [Ψανσνῶς καὶ Κασιανὸς πράκ(τορες)] [ἀρ]γυρ(ικῶν) Ἁρ̣ε̣ν̣
2 [δώτῃ] [...].ινῦρις. ἔσχ(ομεν)
3 [ὑπ(ὲρ)] [...]... β (ἔτους) δραχμ(ὰς)
4 [τέσσαρας, (γίνονται) (δραχμαὶ) δ. (ἔτους) β Ἀν]τωνείνου Καίσαρος
5 [τοῦ κυρίου] [...]. κ̣̅ζ̅.
6 [Κασιανὸς διὰ Λουκ(ᾶτος) υ]ἱοῦ (δραχμαὶ) δ.
7 [καὶ ὀνόμ(ατος) τοῦ αὐτ]οῦ ὑπὲ̣ρ σκοπέλ(ων) κα̣ὶ̣ ἄ̣(λλων) β (ἔτους)
8 [δραχμὰς τρεῖς ] [τετρ]ώ̣β(ολον), (γίνονται) (δραχμαὶ) γ (τετρώβολον). (ἔτους) β
9 [Ἀντωνείνου Καίσαρος τοῦ κυρίου] [...]. .̅ε̣.

English translation:
1 [Psansnos and Kasianos, collectors] of money taxes, to Har[en-]
2 [dotes] [son of ...].inyris. We have received
3 [for] [...]... of the 2nd year drachmas
4 [four, total 4 dr. Year 2 of An]toninus Caesar
5 [the lord,] [...]. 27.
6 [Kasianos, through Loukas (my)] son: 4 dr.
7 [And in the name of the same] for watchtowers and others of the 2nd year
8 [three drachmas] [four] obols, total 3 dr. 4 ob. Year 2
9 [of Antoninus Caesar the lord,] [...]. .5(?).

Original text: Duke Databank of Documentary Papyri (DDbDP); metadata: Heidelberger
Gesamtverzeichnis der griechischen Papyrusurkunden Ägyptens (HGV); via papyri.info
(github.com/papyri/idp.data), licensed CC BY 3.0."
ATD-000061,138-139 AD,Thebes,Harendotes son of [...]inyris,Psansnos; Kasianos,mixed,3.5714,drachmas,money,O.Heid. 215,"Original Text:
1 [Ψανσνῶς καὶ Κασιανὸς πράκ(τορες)] [ἀρ]γυρ(ικῶν) Ἁρ̣ε̣ν̣
2 [δώτῃ] [...].ινῦρις. ἔσχ(ομεν)
3 [ὑπ(ὲρ)] [...]... β (ἔτους) δραχμ(ὰς)
4 [τέσσαρας, (γίνονται) (δραχμαὶ) δ. (ἔτους) β Ἀν]τωνείνου Καίσαρος
5 [τοῦ κυρίου] [...]. κ̣̅ζ̅.
6 [Κασιανὸς διὰ Λουκ(ᾶτος) υ]ἱοῦ (δραχμαὶ) δ.
7 [καὶ ὀνόμ(ατος) τοῦ αὐτ]οῦ ὑπὲ̣ρ σκοπέλ(ων) κα̣ὶ̣ ἄ̣(λλων) β (ἔτους)
8 [δραχμὰς τρεῖς ] [τετρ]ώ̣β(ολον), (γίνονται) (δραχμαὶ) γ (τετρώβολον). (ἔτους) β
9 [Ἀντωνείνου Καίσαρος τοῦ κυρίου] [...]. .̅ε̣.

English translation:
1 [Psansnos and Kasianos, collectors] of money taxes, to Har[en-]
2 [dotes] [son of ...].inyris. We have received
3 [for] [...]... of the 2nd year drachmas
4 [four, total 4 dr. Year 2 of An]toninus Caesar
5 [the lord,] [...]. 27.
6 [Kasianos, through Loukas (my)] son: 4 dr.
7 [And in the name of the same] for watchtowers and others of the 2nd year
8 [three drachmas] [four] obols, total 3 dr. 4 ob. Year 2
9 [of Antoninus Caesar the lord,] [...]. .5(?).

Original text: Duke Databank of Documentary Papyri (DDbDP); metadata: Heidelberger
Gesamtverzeichnis der griechischen Papyrusurkunden Ägyptens (HGV); via papyri.info
(github.com/papyri/idp.data), licensed CC BY 3.0."
ATD-000062,8 Jan 139 AD (?),Thebes,Kolanthes,Herieus and partners,burial tax,,,,O.Heid. 216,"Original Text:
1 Ἑρι̣εὺς καὶ μέ̣τ̣(οχοι) τελῶ(ναι) τέλο(υς) θησα(υροῦ) ἱερῶ(ν) τοῦ β (ἔτους)
2 Κολάνθῃ̣ [ ἔσχ(ομεν) παρὰ]
3 σο(ῦ) τέλο̣(ς) ταφῆς τ̣οῦ̣ β (ἔτους) Τίτου
4 Αἰλίου Ἀντωνίνου
5 Καίσαρος το̣ῦ̣ κυ̣ρ̣ί̣ο̣υ̣
6 Τ̣ῦ̣(βι) ι̅γ̅.

English translation:
1 Herieus and partners, tax farmers of the tax of the treasury of the temples of the 2nd year,
2 to Kolanthes. [We have received from]
3 you the burial tax of the 2nd year of Titus
4 Aelius Antoninus
5 Caesar the lord,
6 Tybi 13.

Original text: Duke Databank of Documentary Papyri (DDbDP); metadata: Heidelberger
Gesamtverzeichnis der griechischen Papyrusurkunden Ägyptens (HGV); via papyri.info
(github.com/papyri/idp.data), licensed CC BY 3.0."
ATD-000063,27 Mar-25 Apr 145 AD,Thebes,Tenth[...],Tauron; Horos,mixed,8,drachmas,money,O.Heid. 218,"Original Text:
1 Τ̣α̣ύ̣ρ̣ω̣ν̣ καὶ Ὧρο̣ς πράκ̣(τορες) ἀ̣ρ̣[γ(υρικῶν)] [Νό(του)]
2 τ̣ενθ̣ .. Ταυ̣σίρε̣ως τῆς ..[...] [...]
3 ω̣ν̣ο̣(ς). ἔ̣σχο̣μ̣(εν) ὑπ(ὲρ) λαογρ(αφίας) καὶ βαλ(ανευτικοῦ) η (ἔτους) ῥυ̣[π(αρὰς)]
4 δ̣ραχ(μὰς) [ὀ]κ̣τ̣ώ, (γίνονται) ῥυπ(αραὶ) (δραχμαὶ) η. (ἔτους) η
5 Ἀ̣ν̣τωνίνου Καίσαρος τοῦ
6 κυρίου Φαρμοῦθ̣ι ... Ἀμενρῶ(σις) σεσ̣η̣(μείωμαι).
7 ἄλλας Παῦνι ι̅ε̅ ὀνόμ(ατος) τοῦ (αὐτοῦ) ὑπ(ὲρ)
8 λ̣αογρ(αφίας) καὶ βαλ(ανευτικοῦ) η (ἔτους) ῥυπ(αρὰς) δραχ(μὰς)
9 [...].......[...]

English translation:
1 Tauron and Horos, collectors of money [taxes of Notos],
2 (to) Tenth.. (son/daughter) of Tausiris the ..[...] [...]
3 on. We have received for poll tax and bath tax of the 8th year dirty
4 drachmas eight, total 8 dirty dr. Year 8
5 of Antoninus Caesar the
6 lord, Pharmouthi ... I, Amenrosis, have signed.
7 Further, Pauni 15, in the name of the same, for
8 poll tax and bath tax of the 8th year dirty drachmas
9 [...].......[...]

Original text: Duke Databank of Documentary Papyri (DDbDP); metadata: Heidelberger
Gesamtverzeichnis der griechischen Papyrusurkunden Ägyptens (HGV); via papyri.info
(github.com/papyri/idp.data), licensed CC BY 3.0."
ATD-000064,9 Jun 145 AD,Thebes,Tenth[...],Tauron; Horos,mixed,,,,O.Heid. 218,"Original Text:
1 Τ̣α̣ύ̣ρ̣ω̣ν̣ καὶ Ὧρο̣ς πράκ̣(τορες) ἀ̣ρ̣[γ(υρικῶν)] [Νό(του)]
2 τ̣ενθ̣ .. Ταυ̣σίρε̣ως τῆς ..[...] [...]
3 ω̣ν̣ο̣(ς). ἔ̣σχο̣μ̣(εν) ὑπ(ὲρ) λαογρ(αφίας) καὶ βαλ(ανευτικοῦ) η (ἔτους) ῥυ̣[π(αρὰς)]
4 δ̣ραχ(μὰς) [ὀ]κ̣τ̣ώ, (γίνονται) ῥυπ(αραὶ) (δραχμαὶ) η. (ἔτους) η
5 Ἀ̣ν̣τωνίνου Καίσαρος τοῦ
6 κυρίου Φαρμοῦθ̣ι ... Ἀμενρῶ(σις) σεσ̣η̣(μείωμαι).
7 ἄλλας Παῦνι ι̅ε̅ ὀνόμ(ατος) τοῦ (αὐτοῦ) ὑπ(ὲρ)
8 λ̣αογρ(αφίας) καὶ βαλ(ανευτικοῦ) η (ἔτους) ῥυπ(αρὰς) δραχ(μὰς)
9 [...].......[...]

English translation:
1 Tauron and Horos, collectors of money [taxes of Notos],
2 (to) Tenth.. (son/daughter) of Tausiris the ..[...] [...]
3 on. We have received for poll tax and bath tax of the 8th year dirty
4 drachmas eight, total 8 dirty dr. Year 8
5 of Antoninus Caesar the
6 lord, Pharmouthi ... I, Amenrosis, have signed.
7 Further, Pauni 15, in the name of the same, for
8 poll tax and bath tax of the 8th year dirty drachmas
9 [...].......[...]

Original text: Duke Databank of Documentary Papyri (DDbDP); metadata: Heidelberger
Gesamtverzeichnis der griechischen Papyrusurkunden Ägyptens (HGV); via papyri.info
(github.com/papyri/idp.data), licensed CC BY 3.0."
ATD-000065,21 Sep 146 AD,Thebes,Psena[...] son of Pana[...],Tauron; Herakleides,mixed,7.75,drachmas,money,O.Heid. 221,"Original Text:
1 Ταύρων καὶ Ἡ[ρα]κ̣λ̣ε̣ίδ̣η̣(ς) π̣ράκ(τορες)
2 ἀργ(υρικῶν) Νό(του) Ψενα.....ρ....
3 Πανα̣.... ἔσχ(ομεν) ὑπ(ὲρ) χ̣[ω(µατικοῦ)] [κ]αὶ βαλ(ανευτικοῦ) θ (ἔτους)
4 ῥυπ(αρὰς) δραχ(μὰς) ἑπτὰ (ὀβολοὺς) ε (χαλκοῦς) β, (γίνονται) ῥυπ(αραὶ) (δραχμαὶ) ζ (ὀβολοὶ) ε (χαλκοῖ) β.
5 (ἔτους) ι Ἀντωνί̣[νο]υ Καίσαρος τοῦ
6 κυρίου Θ[ὼθ] κ̣̅δ̅. σεση(μείωμαι).

English translation:
1 Tauron and He[ra]kleides, collectors
2 of money taxes of Notos, (to) Psena.....r....
3 son of Pana.... We have received for the d[ike tax] [a]nd bath tax of the 9th year
4 seven dirty drachmas five obols two chalkoi, total 7 dirty dr. 5 ob. 2 ch.
5 Year 10 of Antoni[n]us Caesar the
6 lord, Th[oth] 24. I have signed.

Original text: Duke Databank of Documentary Papyri (DDbDP); metadata: Heidelberger
Gesamtverzeichnis der griechischen Papyrusurkunden Ägyptens (HGV); via papyri.info
(github.com/papyri/idp.data), licensed CC BY 3.0."
ATD-000066,146-147 AD,Thebes,Onnophris son of Psensen[...],Petepsais and partners,bath tax,,,,O.Heid. 222,"Original Text:
1 Πετεψάις καὶ μ(έτοχοι) τελ(ῶναι) [θησ(αυροῦ) ἱερῶ(ν)]
2 Ὀννόφ⟨ρ⟩ιο̣(ς) Ψενσεν .[...] [ἔσχ(ομεν) τὸ βαλ(ανευτικὸν)]
3 τοῦ ι (ἔτους) Ἀντωνί̣[νου Καίσαρος]
4 τοῦ κυρίο[υ ].

English translation:
1 Petepsais and partners, tax farmers [of the treasury of the temples],
2 to Onnophris son of Psensen .[...] [We have received the bath tax]
3 of the 10th year of Antoni[nus Caesar]
4 the lord [...].

Original text: Duke Databank of Documentary Papyri (DDbDP); metadata: Heidelberger
Gesamtverzeichnis der griechischen Papyrusurkunden Ägyptens (HGV); via papyri.info
(github.com/papyri/idp.data), licensed CC BY 3.0."
ATD-000067,1 Oct 148 AD,Thebes,Kleopas son of Bassos,,land tax,4,drachmas,money,O.Heid. 224,"Original Text:
1 [...] [πράκ(τωρ) ἀργ(υρικῶν) Χά(ρακος) Κ]λεοπ̣ᾶ̣τι Βάσσου
2 [...] ἔ̣σχ(ον) ὑπ(ὲρ) γεω(μετρίας) ια̣ (ἔτους) ῥυπ(αρὰς) (δραχμὰς) τέσσαρε[ς],
3 [(γίνονται) ῥυπ(αραὶ) (δραχμαὶ) δ. (ἔτους) ιβ Ἀντωνίν]ο̣υ̣ Καίσαρος τοῦ κυρίου Φαῶ(φι) δ̅. Π. σεση(µείωµαι) [...]
4 [...] [ῥυπ(αρὰς)] δ̣ρ̣α̣χ̣(μὰς) τέσσαρες, (γίνονται) ῥυπ(αραὶ) (δραχμαὶ) β. Ε. σεση(µείωµαι).
5 δι(ὰ) Π̣λ̣....

English translation:
1 [... collector of money taxes of Charax,] to Kleopas son of Bassos.
2 [...] I have received for land survey of the 11th year four dirty drachmas,
3 [total 4 dirty dr. Year 12 of Antonin]us Caesar the lord, Phaophi 4. P. I have signed. [...]
4 [...] [dirty] drachmas four, total 2 dirty dr. E. I have signed.
5 Through Pl....

Original text: Duke Databank of Documentary Papyri (DDbDP); metadata: Heidelberger
Gesamtverzeichnis der griechischen Papyrusurkunden Ägyptens (HGV); via papyri.info
(github.com/papyri/idp.data), licensed CC BY 3.0."
ATD-000068,1 Oct 148 AD,Thebes,Kleopas son of Bassos,,,4,drachmas,money,O.Heid. 224,"Original Text:
1 [...] [πράκ(τωρ) ἀργ(υρικῶν) Χά(ρακος) Κ]λεοπ̣ᾶ̣τι Βάσσου
2 [...] ἔ̣σχ(ον) ὑπ(ὲρ) γεω(μετρίας) ια̣ (ἔτους) ῥυπ(αρὰς) (δραχμὰς) τέσσαρε[ς],
3 [(γίνονται) ῥυπ(αραὶ) (δραχμαὶ) δ. (ἔτους) ιβ Ἀντωνίν]ο̣υ̣ Καίσαρος τοῦ κυρίου Φαῶ(φι) δ̅. Π. σεση(µείωµαι) [...]
4 [...] [ῥυπ(αρὰς)] δ̣ρ̣α̣χ̣(μὰς) τέσσαρες, (γίνονται) ῥυπ(αραὶ) (δραχμαὶ) β. Ε. σεση(µείωµαι).
5 δι(ὰ) Π̣λ̣....

English translation:
1 [... collector of money taxes of Charax,] to Kleopas son of Bassos.
2 [...] I have received for land survey of the 11th year four dirty drachmas,
3 [total 4 dirty dr. Year 12 of Antonin]us Caesar the lord, Phaophi 4. P. I have signed. [...]
4 [...] [dirty] drachmas four, total 2 dirty dr. E. I have signed.
5 Through Pl....

Original text: Duke Databank of Documentary Papyri (DDbDP); metadata: Heidelberger
Gesamtverzeichnis der griechischen Papyrusurkunden Ägyptens (HGV); via papyri.info
(github.com/papyri/idp.data), licensed CC BY 3.0."
ATD-000069,14 Jun 149 AD,Thebes,Phthoumonthes son of Pamontekysis; Paouasis son of Phthoumonthes,Hierax and partners,bath tax,,,,O.Heid. 225,"Original Text:
1 Ἱέ̣ραξ καὶ μ(έτοχοι) τελ(ῶναι) θησ(αυροῦ) ἱερῶ̣ν̣ Φθουμώνθῃ
2 Παμοντεκ̣ύ̣σ̣(ιος) καὶ Πα̣ουάσι υἱῷ̣. ἔ̣σ̣χ(ομεν) τὸ
3 βαλ(ανευτικὸν) τοῦ ιβ (ἔτους) Ἀντωνίνο̣υ̣ Κ̣α̣ί̣σ̣αρος τοῦ
4 κυρίου Παῦν̣ι κ̅.. vac.
5 ἄλ̣λαι Φαρμ(οῦθι) ι̅ς̅ τοῦ ιγ (ἔτους) Ἀντω̣ν̣ί̣ν̣ου Καίσαρος
6 τοῦ κυρίου ὀνόμ(ατος) \...../ Φθουμών̣θ(ου) Π̣α̣μοντεκ̣\ύ̣σ̣ι̣ο̣/(ς).
7 ἔσχ(ομεν) τὸ ⟦.⟧ βαλ(ανευτικόν). Σισ̣όις σεσημ(είωμαι). ἄ̣λ̣(λαι) Π̣α̣χὼ(ν) β̅ ὀν̣ό̣μ̣(ατος)
8 Πα.ουάσι̣ος υἱ̣ο̣ῦ̣. ἔσχο(μεν) τὸ βαλ(ανευτικὸν)
9 τοῦ αὐ(τοῦ) ιγ (ἔτους). Π..ο̣υ σεσημ(είωμαι).

English translation:
1 Hierax and partners, tax farmers of the treasury of the temples, to Phthoumonthes
2 son of Pamontekysis and Paouasis (his) son. We have received the
3 bath tax of the 12th year of Antoninus Caesar the
4 lord, Pauni 20.
5 Further, Pharmouthi 16 of the 13th year of Antoninus Caesar
6 the lord, in the name of ..... Phthoumonthes son of Pamontekysis.
7 We have received the bath tax. I, Sisois, have signed. Further, Pachon 2, in the name of
8 Pa.ouasis the son. We have received the bath tax
9 of the same 13th year. I, P..ou, have signed.

Original text: Duke Databank of Documentary Papyri (DDbDP); metadata: Heidelberger
Gesamtverzeichnis der griechischen Papyrusurkunden Ägyptens (HGV); via papyri.info
(github.com/papyri/idp.data), licensed CC BY 3.0."
ATD-000070,11 Apr 150 AD,Thebes,Phthoumonthes son of Pamontekysis,Hierax and partners,bath tax,,,,O.Heid. 225,"Original Text:
1 Ἱέ̣ραξ καὶ μ(έτοχοι) τελ(ῶναι) θησ(αυροῦ) ἱερῶ̣ν̣ Φθουμώνθῃ
2 Παμοντεκ̣ύ̣σ̣(ιος) καὶ Πα̣ουάσι υἱῷ̣. ἔ̣σ̣χ(ομεν) τὸ
3 βαλ(ανευτικὸν) τοῦ ιβ (ἔτους) Ἀντωνίνο̣υ̣ Κ̣α̣ί̣σ̣αρος τοῦ
4 κυρίου Παῦν̣ι κ̅.. vac.
5 ἄλ̣λαι Φαρμ(οῦθι) ι̅ς̅ τοῦ ιγ (ἔτους) Ἀντω̣ν̣ί̣ν̣ου Καίσαρος
6 τοῦ κυρίου ὀνόμ(ατος) \...../ Φθουμών̣θ(ου) Π̣α̣μοντεκ̣\ύ̣σ̣ι̣ο̣/(ς).
7 ἔσχ(ομεν) τὸ ⟦.⟧ βαλ(ανευτικόν). Σισ̣όις σεσημ(είωμαι). ἄ̣λ̣(λαι) Π̣α̣χὼ(ν) β̅ ὀν̣ό̣μ̣(ατος)
8 Πα.ουάσι̣ος υἱ̣ο̣ῦ̣. ἔσχο(μεν) τὸ βαλ(ανευτικὸν)
9 τοῦ αὐ(τοῦ) ιγ (ἔτους). Π..ο̣υ σεσημ(είωμαι).

English translation:
1 Hierax and partners, tax farmers of the treasury of the temples, to Phthoumonthes
2 son of Pamontekysis and Paouasis (his) son. We have received the
3 bath tax of the 12th year of Antoninus Caesar the
4 lord, Pauni 20.
5 Further, Pharmouthi 16 of the 13th year of Antoninus Caesar
6 the lord, in the name of ..... Phthoumonthes son of Pamontekysis.
7 We have received the bath tax. I, Sisois, have signed. Further, Pachon 2, in the name of
8 Pa.ouasis the son. We have received the bath tax
9 of the same 13th year. I, P..ou, have signed.

Original text: Duke Databank of Documentary Papyri (DDbDP); metadata: Heidelberger
Gesamtverzeichnis der griechischen Papyrusurkunden Ägyptens (HGV); via papyri.info
(github.com/papyri/idp.data), licensed CC BY 3.0."
ATD-000071,27 Apr 150 AD,Thebes,Paouasis son of Phthoumonthes,Hierax and partners,bath tax,,,,O.Heid. 225,"Original Text:
1 Ἱέ̣ραξ καὶ μ(έτοχοι) τελ(ῶναι) θησ(αυροῦ) ἱερῶ̣ν̣ Φθουμώνθῃ
2 Παμοντεκ̣ύ̣σ̣(ιος) καὶ Πα̣ουάσι υἱῷ̣. ἔ̣σ̣χ(ομεν) τὸ
3 βαλ(ανευτικὸν) τοῦ ιβ (ἔτους) Ἀντωνίνο̣υ̣ Κ̣α̣ί̣σ̣αρος τοῦ
4 κυρίου Παῦν̣ι κ̅.. vac.
5 ἄλ̣λαι Φαρμ(οῦθι) ι̅ς̅ τοῦ ιγ (ἔτους) Ἀντω̣ν̣ί̣ν̣ου Καίσαρος
6 τοῦ κυρίου ὀνόμ(ατος) \...../ Φθουμών̣θ(ου) Π̣α̣μοντεκ̣\ύ̣σ̣ι̣ο̣/(ς).
7 ἔσχ(ομεν) τὸ ⟦.⟧ βαλ(ανευτικόν). Σισ̣όις σεσημ(είωμαι). ἄ̣λ̣(λαι) Π̣α̣χὼ(ν) β̅ ὀν̣ό̣μ̣(ατος)
8 Πα.ουάσι̣ος υἱ̣ο̣ῦ̣. ἔσχο(μεν) τὸ βαλ(ανευτικὸν)
9 τοῦ αὐ(τοῦ) ιγ (ἔτους). Π..ο̣υ σεσημ(είωμαι).

English translation:
1 Hierax and partners, tax farmers of the treasury of the temples, to Phthoumonthes
2 son of Pamontekysis and Paouasis (his) son. We have received the
3 bath tax of the 12th year of Antoninus Caesar the
4 lord, Pauni 20.
5 Further, Pharmouthi 16 of the 13th year of Antoninus Caesar
6 the lord, in the name of ..... Phthoumonthes son of Pamontekysis.
7 We have received the bath tax. I, Sisois, have signed. Further, Pachon 2, in the name of
8 Pa.ouasis the son. We have received the bath tax
9 of the same 13th year. I, P..ou, have signed.

Original text: Duke Databank of Documentary Papyri (DDbDP); metadata: Heidelberger
Gesamtverzeichnis der griechischen Papyrusurkunden Ägyptens (HGV); via papyri.info
(github.com/papyri/idp.data), licensed CC BY 3.0."
ATD-000072,25 Jul-23 Aug 150 AD,Thebes,,Pamonthes; Dioskoros,other,1,drachmas,money,O.Heid. 226,"Original Text:
1 Παμώνθης καὶ Διόσ̣κ̣ορος πρ̣ά̣κ̣(τορες) [ἀργ(υρικῶν)]
2 (Νότου) Ψεναμούνιο(ς) .......... [ἔσχ(ομεν)]
3 ὑπ(ὲρ) διπ(λῶν) ιγ (ἔτους) ῥυπ(αρὰν) δραχ(μὴν) μίαν , (γίνεται) [ῥυπ(αρὰ) (δραχμὴ) α. (ἔτους)] [ι]γ Ἀν̣τ̣ω̣ν̣ί̣ν̣ο̣υ̣
4 Καίσαρος τοῦ κ̣[υρίου] Μεσορ̣ὴ̣ ... σ̣ε̣σ̣η̣μ̣(είωμαι).
4a Ψε̣ν̣α̣μ̣(οῦνις) σεσημ(είωμαι)
5 ἄλλαι Ἁθὺρ ......[...]...[...] [ῥυπ(αρὰς) δραχμ(ὰς)]
6 τρῖς (πεντώβολον), (γίνονται) ῥυπ(αραὶ) (δραχμαὶ) γ̣ (ὀβολοὶ 5?) ............ [...]
7 ἄ̣λλαι κ̅η̅ ..... Ψ̣ε̣ν̣....[...]
8 [...].α̣ν̣..........[...]

English translation:
1 Pamonthes and Dioskoros, collectors [of money taxes]
2 of Notos, (to/of) Psenamounis .......... [We have received]
3 for double (charges) of the 13th year one dirty drachma, total [1 dirty dr. Year] [1]3 of Antoninus
4 Caesar the l[ord], Mesore ... I have signed.
4a I, Psenam(ounis), have signed.
5 Further, Hathyr ......[...]...[...] [dirty drachmas]
6 three, five obols, total 3 dirty dr. (5 ob.?) ............ [...]
7 Further, 28 ..... Psen....[...]
8 [...].an..........[...]

Original text: Duke Databank of Documentary Papyri (DDbDP); metadata: Heidelberger
Gesamtverzeichnis der griechischen Papyrusurkunden Ägyptens (HGV); via papyri.info
(github.com/papyri/idp.data), licensed CC BY 3.0."
ATD-000073,24 Nov 150 AD,Thebes,,Pamonthes; Dioskoros,,3.7143,drachmas,money,O.Heid. 226,"Original Text:
1 Παμώνθης καὶ Διόσ̣κ̣ορος πρ̣ά̣κ̣(τορες) [ἀργ(υρικῶν)]
2 (Νότου) Ψεναμούνιο(ς) .......... [ἔσχ(ομεν)]
3 ὑπ(ὲρ) διπ(λῶν) ιγ (ἔτους) ῥυπ(αρὰν) δραχ(μὴν) μίαν , (γίνεται) [ῥυπ(αρὰ) (δραχμὴ) α. (ἔτους)] [ι]γ Ἀν̣τ̣ω̣ν̣ί̣ν̣ο̣υ̣
4 Καίσαρος τοῦ κ̣[υρίου] Μεσορ̣ὴ̣ ... σ̣ε̣σ̣η̣μ̣(είωμαι).
4a Ψε̣ν̣α̣μ̣(οῦνις) σεσημ(είωμαι)
5 ἄλλαι Ἁθὺρ ......[...]...[...] [ῥυπ(αρὰς) δραχμ(ὰς)]
6 τρῖς (πεντώβολον), (γίνονται) ῥυπ(αραὶ) (δραχμαὶ) γ̣ (ὀβολοὶ 5?) ............ [...]
7 ἄ̣λλαι κ̅η̅ ..... Ψ̣ε̣ν̣....[...]
8 [...].α̣ν̣..........[...]

English translation:
1 Pamonthes and Dioskoros, collectors [of money taxes]
2 of Notos, (to/of) Psenamounis .......... [We have received]
3 for double (charges) of the 13th year one dirty drachma, total [1 dirty dr. Year] [1]3 of Antoninus
4 Caesar the l[ord], Mesore ... I have signed.
4a I, Psenam(ounis), have signed.
5 Further, Hathyr ......[...]...[...] [dirty drachmas]
6 three, five obols, total 3 dirty dr. (5 ob.?) ............ [...]
7 Further, 28 ..... Psen....[...]
8 [...].an..........[...]

Original text: Duke Databank of Documentary Papyri (DDbDP); metadata: Heidelberger
Gesamtverzeichnis der griechischen Papyrusurkunden Ägyptens (HGV); via papyri.info
(github.com/papyri/idp.data), licensed CC BY 3.0."
ATD-000074,1 May 151 AD,Thebes,Psen[...] son of [...]men[...],Horos,mixed,7.7143,drachmas,money,O.Heid. 227,"Original Text:
1 Ὧρος πράκ(τωρ) ἀ[ργ(υρικῶν)] [Ἀγο(ρῶν)] Β̣ο(ρρᾶ) Ψεν..[...]
2 ...με̣νου. [ἔσ]χ[ον] ὑ̣π̣(ὲρ) χ̣[ω(ματικοῦ)] κ̣α̣ὶ
3 β̣α̣λ̣(ανευτικοῦ) [ι]δ̣ (ἔτους) ῥυπ(αρὰς) [(δραχμὰς)] ἑπτὰ (πεντώβολον),
4 (γίνονται) (δραχμαὶ) ζ (πεντώβολον). (ἔτους) ιδ Ἀντωνίνου
5 Καίσαρος τοῦ κυρίου
6 Πα̣χ̣ὼ(ν) ϛ̅.

English translation:
1 Horos, collector of money taxes of Agorai Borra, (to) Psen..[...]
2 son of ...menos. I have received for the d[ike tax] and
3 bath tax of the [1]4th year seven dirty [drachmas] five obols,
4 total 7 dr. 5 ob. Year 14 of Antoninus
5 Caesar the lord,
6 Pachon 6.

Original text: Duke Databank of Documentary Papyri (DDbDP); metadata: Heidelberger
Gesamtverzeichnis der griechischen Papyrusurkunden Ägyptens (HGV); via papyri.info
(github.com/papyri/idp.data), licensed CC BY 3.0."
ATD-000075,22 Oct 154 AD,Thebes,Herakles son of Herakles son of P[...],Ailourion and partners,mixed,3.75,drachmas,money,O.Heid. 230,"Original Text:
1 Αἰλουρίων καὶ μ(έτοχοι) ἐν κ(λήρῳ) πρακ(τορείας) ἀρ̣γ̣(υρικῶν) Χ̣(άρακος)
2 Ἡρακλῇ ὁμ(οίως) Π.. ἔσχ̣(ομεν) ὑ̣π(ὲρ) λ̣α̣ο̣(γραφίας) καὶ βα̣λ(ανευτικοῦ)
3 ιζ (ἔτους) (δραχμαὶ) τρεῖς (πεντώβολον) (χαλκοῖ 2), (γίνονται) (δραχμαὶ) γ (πεντώβολον) (χαλκοῖ 2). (ἔτους) ιη
4 Ἀντωνίνου Καίσαρος τοῦ κ̣υ̣ρί̣ο̣υ̣
5 Φαῶ(φι) κ̅ε̅. Φατρῆς ὁ̣ καὶ Ὧ̣ρο(ς) σεσημ(είωμαι).

English translation:
1 Ailourion and partners, in charge of the collection of money taxes of Charax,
2 to Herakles likewise (son of Herakles), (grandson of) P.. We have received for poll tax and bath tax
3 of the 17th year three drachmas five obols two chalkoi, total 3 dr. 5 ob. 2 ch. Year 18
4 of Antoninus Caesar the lord,
5 Phaophi 25. I, Phatres alias Horos, have signed.

Original text: Duke Databank of Documentary Papyri (DDbDP); metadata: Heidelberger
Gesamtverzeichnis der griechischen Papyrusurkunden Ägyptens (HGV); via papyri.info
(github.com/papyri/idp.data), licensed CC BY 3.0."
ATD-000076,21 Apr 167-21 Apr 177 AD (?),Thebes,Onnopris son of Horos,Harpokration and partners,burial tax,2,drachmas,money,O.Heid. 235,"Original Text:
1 Ἁ̣ρποκρατίων καὶ μ̣(έτοχοι) τελ(ῶναι)
2 ἱματιοπ(ωλῶν) Ὀννόπ̣(ρει) Ὡρ̣ο̣υ .... .
3 ἔσ̣χ(ομεν) πα̣ρ̣ὰ σοῦ ὑπ(ὲρ) τέλ(ους) τα
4 φῆς .....α̣σ̣ο. Ὀνν̣ό̣π̣(ριος)
5 (δραχμὰς) β. (ἔτους) ζ τῶν̣ κυ(ρίων)
6 Αὐτοκρα̣τόρων
7 Φα̣ρμοῦθι κ̅ς̅.

English translation:
1 Harpokration and partners, tax farmers
2 of the clothing sellers, to Onnopris son of Horos .... .
3 We have received from you for the burial tax
4 ......aso. of Onnopris
5 2 dr. Year 7 of the lords
6 Emperors,
7 Pharmouthi 26.

Original text: Duke Databank of Documentary Papyri (DDbDP); metadata: Heidelberger
Gesamtverzeichnis der griechischen Papyrusurkunden Ägyptens (HGV); via papyri.info
(github.com/papyri/idp.data), licensed CC BY 3.0."
ATD-000077,31 Oct 176 AD,Thebes,[...]chein son of [...]chein son of Psentaesis,,land tax,8,drachmas,money,O.Heid. 239,"Original Text:
1 Ἁθὺρ δ̅ τοῦ ιζ (ἔτους)
2 ὀνόμ(ατος) ..χε̣ι̣ν̣ (ὁμοίως)
3 Ψενταή(σιος) ὑπ(ὲρ) γε̣ω̣μ(ετρίας) ιϛ (ἔτους)
4 Νό(του) (δραχμαὶ) ὀκτώ, (γίνονται) (δραχμαὶ) η. . σεσημ(είωμαι).

English translation:
1 Hathyr 4 of the 17th year,
2 in the name of ..chein likewise (son of ..chein),
3 (grandson of) Psentaesis, for land survey of the 16th year
4 of Notos eight drachmas, total 8 dr. . I have signed.

Original text: Duke Databank of Documentary Papyri (DDbDP); metadata: Heidelberger
Gesamtverzeichnis der griechischen Papyrusurkunden Ägyptens (HGV); via papyri.info
(github.com/papyri/idp.data), licensed CC BY 3.0."
ATD-000078,179-180 AD (?),Thebes,Pete[...] son of Petem[...],[...]dios son of Artemidoros,bath tax,,,,O.Heid. 242,"Original Text:
1 ..ιο̣..δ̣ιος̣ Ἀ̣ρ̣τ̣ε̣μιδώ(ρου) τ̣ε̣λ̣(ώνης)
2 θησ(αυροῦ) ἱε̣ρῶν Πε̣τ̣ε̣...
3 Πετεμ..... .... .
4 ἔσχον τὸ̣ βαλανε̣υ̣τ̣ι̣
5 κόν. (ἔτους) κ / / ....δ̣..
6 Ἀ̣ντωνί⟦.⟧νου ...[...]

English translation:
1 ..io..dios son of Artemidoros, tax farmer
2 of the treasury of the temples, (to) Pete...
3 son of Petem..... .... .
4 I have received the bath
5 tax. Year 20 / / ....d..
6 of Antoninus ...[...]

Original text: Duke Databank of Documentary Papyri (DDbDP); metadata: Heidelberger
Gesamtverzeichnis der griechischen Papyrusurkunden Ägyptens (HGV); via papyri.info
(github.com/papyri/idp.data), licensed CC BY 3.0."
ATD-000079,31 Oct 180 AD,Thebes,Thatres son of Pikos,,land tax,0.4286,drachmas,money,O.Heid. 243,"Original Text:
1 Ἁθὺρ δ̅ τοῦ κα (ἔτους) ὀνόμ(ατος)
2 Θατρῆτο(ς) Πικῶτο(ς) ὑ̣π̣(ὲρ) γεω(μετρίας) κα̣ (ἔτους) Ν̣ό̣(του)
3 (τριώβολον), (γίνονται) (τριώβολον). .. σ̣ε̣σ̣η̣(μείωμαι).

English translation:
1 Hathyr 4 of the 21st year, in the name of
2 Thatres son of Pikos, for land survey of the 21st year, of Notos,
3 three obols, total 3 ob. .. I have signed.

Original text: Duke Databank of Documentary Papyri (DDbDP); metadata: Heidelberger
Gesamtverzeichnis der griechischen Papyrusurkunden Ägyptens (HGV); via papyri.info
(github.com/papyri/idp.data), licensed CC BY 3.0."
ATD-000080,1 Jun 181-1 Jun 213 AD (?),Thebes,[...] son of Pete[...],,poll tax,4,drachmas,money,O.Heid. 244,"Original Text:
1 Π̣αῦνι ζ̅ τοῦ κα (ἔτους)
2 ὀ̣ν̣ό̣(ματος) .... ν(εωτέρου) Πετε..
3 ..... ὑπ(ὲρ) ἐπ̣ικ(εφαλαίου) κα (ἔτους) Ἀγο(ρῶν)
4 (δραχμαὶ) τέσ̣σ̣α̣ρ̣ε̣ς̣, (γίνονται) (δραχμαὶ) δ. Α̣ σεση(μείωμαι).

English translation:
1 Payni 7 of the 21st year,
2 in the name of [...] the younger, son of Pete[...],
3 [...] for the poll tax of the 21st year, Agorai,
4 four drachmas, total 4 dr. I, A[...], have signed.

Original text: Duke Databank of Documentary Papyri (DDbDP); metadata: Heidelberger
Gesamtverzeichnis der griechischen Papyrusurkunden Ägyptens (HGV); via papyri.info
(github.com/papyri/idp.data), licensed CC BY 3.0."
ATD-000081,22 Aug 182 AD,Thebes,Thatres daughter of Pikos,,land tax,0.5,drachmas,money,O.Heid. 245,"Original Text:
1 Μεσορὴ κ̅θ̅ τοῦ κβ (ἔτους) ὀ̣ν̣ό̣μ̣(ατος)
2 Θατρῆτο(ς) Πικῶ̣τ̣ο̣(ς)
3 [ὑπ(ὲρ)] γεωμ(ετρίας) ⟨κβ (ἔτους) Νό(του)⟩ (ὀβολοὺς 3?) (ἡμιωβέλιον?). ..... σεσημ(είωμαι).

English translation:
1 Mesore 29 of the 22nd year, in the name
2 of Thatres daughter of Pikos,
3 [for] the land survey ⟨of the 22nd year, Notos⟩ (three obols?) (half-obol?). [...] I have signed.

Original text: Duke Databank of Documentary Papyri (DDbDP); metadata: Heidelberger
Gesamtverzeichnis der griechischen Papyrusurkunden Ägyptens (HGV); via papyri.info
(github.com/papyri/idp.data), licensed CC BY 3.0."
ATD-000082,17 Aug 183 AD,Thebes,Thatres daughter of Pikos,,land tax,0.4643,drachmas,money,O.Heid. 246,"Original Text:
1 Μεσορὴ κ̅δ̅ τοῦ κγ (ἔτους)
2 ὀ̣νόμ(ατος) Θ̣α̣τρῆτο(ς) Πικῶτο(ς)
3 ὑπ(ὲρ) γεωμ(ετρίας) κγ (ἔτους) Νό(του) (τριώβολον) (χαλκοῦς 2). Π.α̣φ̣ σεσημ(είωμαι).

English translation:
1 Mesore 24 of the 23rd year,
2 in the name of Thatres daughter of Pikos,
3 for the land survey of the 23rd year, Notos, three obols 2 chalkoi. I, P[...], have signed.

Original text: Duke Databank of Documentary Papyri (DDbDP); metadata: Heidelberger
Gesamtverzeichnis der griechischen Papyrusurkunden Ägyptens (HGV); via papyri.info
(github.com/papyri/idp.data), licensed CC BY 3.0."
ATD-000083,21 Aug 183 AD,Thebes,Inaros son of Inaros; Talos,Paniskos,land tax,1.7143,drachmas,money,O.Heid. 247,"Original Text:
1 Μεσορὴ κ̅ τοῦ κγ (ἔτους) ὀνόμ(ατος) Ἰναρῶς
2 Ὥρου ὑπ(ὲρ) ἐνοικ(ίου) Ἀγο(ρῶν) δραχ(μὰς) εἴκοσι
3 μίαν (πεντώβολον), (γίνονται) (δραχμαὶ) κα (πεντώβολον). Πανί̣(σκος) σεσημ(είωμαι).
4 ἄλ(λην) κ̅η̅ ὀνόμ(ατος) Ἰναρως ὁμ(οίως) καὶ
5 Ταλῶς ἀδ(ελφῆς) ὑπ(ὲρ) γεωμ(ετρίας) Ἀγο(ρῶν) (δραχμὴν) μίαν (πεντώβολον),
6 (γίνεται) (δραχμὴ) α (πεντώβολον). Πανί̣(σκος) σεσημ(είωμαι).

English translation:
1 Mesore 20 of the 23rd year, in the name of Inaros
2 son of Horos, for rent, Agorai, twenty-
3 one drachmas five obols, total 21 dr. 5 ob. I, Paniskos, have signed.
4 Another, on the 28th, in the name of Inaros son of Inaros and
5 Talos his sister, for the land survey, Agorai, one drachma five obols,
6 total 1 dr. 5 ob. I, Paniskos, have signed.

Original text: Duke Databank of Documentary Papyri (DDbDP); metadata: Heidelberger
Gesamtverzeichnis der griechischen Papyrusurkunden Ägyptens (HGV); via papyri.info
(github.com/papyri/idp.data), licensed CC BY 3.0."
ATD-000084,15 Aug 184 AD,Thebes,Senaryothes daughter of Porieuthes,,land tax,5.2857,drachmas,money,O.Heid. 248,"Original Text:
1 Μεσορὴ κ̅β̅ τοῦ κδ (ἔτους) ὀνό(ματος)
2 Σεναρυωθης Πορι̣ε̣ύ̣θ̣ου
3 ὑπ(ὲρ) γεωμ(ετρίας) κδ (ἔτους) Ἀγο(ρῶν) (δραχμὰς) πέντε (διώβολον),
4 (γίνονται) (δραχμαὶ) ε (διώβολον). ...

English translation:
1 Mesore 22 of the 24th year, in the name
2 of Senaryothes daughter of Porieuthes,
3 for the land survey of the 24th year, Agorai, five drachmas two obols,
4 total 5 dr. 2 ob. [...]

Original text: Duke Databank of Documentary Papyri (DDbDP); metadata: Heidelberger
Gesamtverzeichnis der griechischen Papyrusurkunden Ägyptens (HGV); via papyri.info
(github.com/papyri/idp.data), licensed CC BY 3.0."
ATD-000085,186-187 AD,Thebes,[...]rtam[...],,land tax,1.2857,drachmas,money,O.Heid. 250,"Original Text:
1 [] τ̣οῦ κζ (ἔτους) ὀν[ό(ματος)] [...]
2 [...]ρ̣ταμ̣.. δ ὑπ(ὲρ) γ̣[εωμ](ετρίας) []
3 (δραχμὴν) μίαν (διώβολον), (γίνεται) (δραχμὴ) α (διώβολον). [].

English translation:
1 [...] of the 27th year, in the name of [...]
2 [...]rtam[...] for the land [survey] [...]
3 one drachma two obols, total 1 dr. 2 ob. [...].

Original text: Duke Databank of Documentary Papyri (DDbDP); metadata: Heidelberger
Gesamtverzeichnis der griechischen Papyrusurkunden Ägyptens (HGV); via papyri.info
(github.com/papyri/idp.data), licensed CC BY 3.0."
ATD-000086,26 Dec 188-25 May 189 AD (?),Thebes,,,bath tax,,,,O.Heid. 254,"Original Text:
1 [ καὶ] .τ τελ θησα(υροῦ)
2 [ἱερῶν ] . ὁμ(οίως). ἔσχ(ομεν) τὸ βαλ(ανευτικὸν) τοῦ κθ (ἔτους) / /
3 [...]. ἔσχ(ομεν) ὑπ(ὲρ) ταφῆ(ς) α (δραχμὴν) α̅
4 [...].χ λ̅.
5 [ἀρ]χιπα̣σ̣το̣φ̣(όρ ) ...[...]
6 ....

English translation:
1 [... and] [...] tax of the treasury
2 [of the temples ...] [...] son of the same. We have received the bath tax of the 29th year.
3 [...]. We have received for burial [...] 1 drachma, 1.
4 [...] 30.
5 [...] chief pastophoros(?) [...]
6 [...]

Original text: Duke Databank of Documentary Papyri (DDbDP); metadata: Heidelberger
Gesamtverzeichnis der griechischen Papyrusurkunden Ägyptens (HGV); via papyri.info
(github.com/papyri/idp.data), licensed CC BY 3.0."
ATD-000087,26 Dec 188-25 May 189 AD (?),Thebes,,,burial tax,1,drachmas,money,O.Heid. 254,"Original Text:
1 [ καὶ] .τ τελ θησα(υροῦ)
2 [ἱερῶν ] . ὁμ(οίως). ἔσχ(ομεν) τὸ βαλ(ανευτικὸν) τοῦ κθ (ἔτους) / /
3 [...]. ἔσχ(ομεν) ὑπ(ὲρ) ταφῆ(ς) α (δραχμὴν) α̅
4 [...].χ λ̅.
5 [ἀρ]χιπα̣σ̣το̣φ̣(όρ ) ...[...]
6 ....

English translation:
1 [... and] [...] tax of the treasury
2 [of the temples ...] [...] son of the same. We have received the bath tax of the 29th year.
3 [...]. We have received for burial [...] 1 drachma, 1.
4 [...] 30.
5 [...] chief pastophoros(?) [...]
6 [...]

Original text: Duke Databank of Documentary Papyri (DDbDP); metadata: Heidelberger
Gesamtverzeichnis der griechischen Papyrusurkunden Ägyptens (HGV); via papyri.info
(github.com/papyri/idp.data), licensed CC BY 3.0."
ATD-000088,5 Dec 191 AD,Thebes,Sena[...] daughter of Pikos,,crop tax,4.8214,drachmas,money,O.Heid. 255,"Original Text:
1 Ἁδριανοῦ ιη̅ τοῦ λβ (ἔτους) ὀνό(ματος)
2 Σενα.. Πικῶ(τος) δι(ὰ) Φατρήο(υς)
3 Ἰναρῶ(τος) καὶ Σεν̣..χ ὁμ(οίως)
4 ὑπ(ὲρ) ..τιμ οἴνο(υ) γεν(ήματος) ιε (ἔτους)
5 ἕως ιθ (ἔτους) διο(ικήσεως) μητρ(οπόλεως)
6 (δραχμὰς) τ̣έ̣σ̣σ̣α̣ρ̣(ας) (πεντώβολον) (χαλκοὺς 6),
7 (γίνονται) δρ(αχμαὶ) δ (πεντώβολον) (χαλκοῖ 6).
8 Α.. σεση(μείωμαι).

English translation:
1 Hadrianos 18 of the 32nd year, in the name
2 of Sena[...] daughter of Pikos, through Phatres
3 son of Inaros, and Sen[...] likewise,
4 for the [...] price of wine of the crop of the 15th year
5 to the 19th year, administration of the metropolis,
6 four drachmas five obols 6 chalkoi,
7 total 4 dr. 5 ob. 6 ch.
8 I, A[...], have signed.

Original text: Duke Databank of Documentary Papyri (DDbDP); metadata: Heidelberger
Gesamtverzeichnis der griechischen Papyrusurkunden Ägyptens (HGV); via papyri.info
(github.com/papyri/idp.data), licensed CC BY 3.0."
ATD-000089,18 Oct 193 AD (?),Thebes,Phmois son of Psansnos,,levy,4,drachmas,money,O.Heid. 256,"Original Text:
1 Φαῶ̣(φι) κ̅α̣̅ τοῦ β̣ (ἔτους) ὀν[όματος]
2 Φμ̣ό̣ι̣τ̣ο(ς) Ψανσνῶτ[ος]
3 ὑπ̣(ὲρ) μερισμ(οῦ) ἐπικ(εφαλαίου) β̣ (ἔτους) ... [δραχ(μὰς) τέσ]
4 σ̣α̣ρ̣ες, (γίνονται) (δραχμαὶ) δ. Φ σεσημ(είωμαι).
5 ἄ̣λλαι Φα ...... (δραχμ ) .. (ὀβολ 4?) [...]
6 ...[...]
7 [...]

English translation:
1 Phaophi 21 of the 2nd year, in the name
2 of Phmois son of Psansnos,
3 for the levy for the poll tax of the 2nd year [...] [four drachmas]
4 [four], total 4 dr. I, Ph[...], have signed.
5 Further (drachmas), Pha[...] [...] (drachmas) [...] (4 obols?) [...]
6 [...]
7 [...]

Original text: Duke Databank of Documentary Papyri (DDbDP); metadata: Heidelberger
Gesamtverzeichnis der griechischen Papyrusurkunden Ägyptens (HGV); via papyri.info
(github.com/papyri/idp.data), licensed CC BY 3.0."
ATD-000090,18 Oct 193 AD (?),Thebes,Phmois son of Psansnos,,,,,,O.Heid. 256,"Original Text:
1 Φαῶ̣(φι) κ̅α̣̅ τοῦ β̣ (ἔτους) ὀν[όματος]
2 Φμ̣ό̣ι̣τ̣ο(ς) Ψανσνῶτ[ος]
3 ὑπ̣(ὲρ) μερισμ(οῦ) ἐπικ(εφαλαίου) β̣ (ἔτους) ... [δραχ(μὰς) τέσ]
4 σ̣α̣ρ̣ες, (γίνονται) (δραχμαὶ) δ. Φ σεσημ(είωμαι).
5 ἄ̣λλαι Φα ...... (δραχμ ) .. (ὀβολ 4?) [...]
6 ...[...]
7 [...]

English translation:
1 Phaophi 21 of the 2nd year, in the name
2 of Phmois son of Psansnos,
3 for the levy for the poll tax of the 2nd year [...] [four drachmas]
4 [four], total 4 dr. I, Ph[...], have signed.
5 Further (drachmas), Pha[...] [...] (drachmas) [...] (4 obols?) [...]
6 [...]
7 [...]

Original text: Duke Databank of Documentary Papyri (DDbDP); metadata: Heidelberger
Gesamtverzeichnis der griechischen Papyrusurkunden Ägyptens (HGV); via papyri.info
(github.com/papyri/idp.data), licensed CC BY 3.0."
ATD-000091,30 Jun 194 AD (?),Thebes,Kabiris son of Pasemis,,poll tax,4,drachmas,money,O.Heid. 257,"Original Text:
1 β (ἔτους) Ἐπεὶφ ϛ̅ ὀνόμ(ατος) Καβίριος
2 Πασήμ(ιος) λαογρ(αφίας) Κ(εραμείων) β̣ (ἔτους) (δραχμὰς) δ
3 καὶ ὀνό̣μ(ατος) κλ̣(ηρονόμων) Ἁρ̣σ̣ ..α̣ς̣ Σε̣ν̣...ιος
4 ἐνοικ(ίου) β (ἔτους) (δραχμὰς) δ (διώβολον) (ἡμιωβέλιον).
5 Μεσο(ρὴ) ϛ̅ ὀνό̣μ(ατος) Καβί(ριος) Πα̣σῆμις
6 λαογρ(αφίας) Κ̣(εραμείων) β (ἔτους) (δραχμὰς) δ, γ (ἔτους) Θὼ(θ) ϛ̅ (δραχμὰς) β (ὀβολὸν) (χαλκο­ῦς 3).

English translation:
1 Year 2, Epeiph 6, in the name of Kabiris
2 son of Pasemis, for the poll tax, Kerameia, of the 2nd year, 4 drachmas;
3 and in the name of the heirs of Hars[...] son of Sen[...]
4 for rent of the 2nd year, 4 drachmas 2 obols 1/2 obol.
5 Mesore 6, in the name of Kabiris son of Pasemis,
6 for the poll tax, Kerameia, of the 2nd year, 4 drachmas; year 3, Thoth 6, 2 drachmas 1 obol 3 chalkoi.

Original text: Duke Databank of Documentary Papyri (DDbDP); metadata: Heidelberger
Gesamtverzeichnis der griechischen Papyrusurkunden Ägyptens (HGV); via papyri.info
(github.com/papyri/idp.data), licensed CC BY 3.0."
ATD-000092,30 Jul 194 AD (?),Thebes,Kabiris son of Pasemis,,poll tax,4,drachmas,money,O.Heid. 257,"Original Text:
1 β (ἔτους) Ἐπεὶφ ϛ̅ ὀνόμ(ατος) Καβίριος
2 Πασήμ(ιος) λαογρ(αφίας) Κ(εραμείων) β̣ (ἔτους) (δραχμὰς) δ
3 καὶ ὀνό̣μ(ατος) κλ̣(ηρονόμων) Ἁρ̣σ̣ ..α̣ς̣ Σε̣ν̣...ιος
4 ἐνοικ(ίου) β (ἔτους) (δραχμὰς) δ (διώβολον) (ἡμιωβέλιον).
5 Μεσο(ρὴ) ϛ̅ ὀνό̣μ(ατος) Καβί(ριος) Πα̣σῆμις
6 λαογρ(αφίας) Κ̣(εραμείων) β (ἔτους) (δραχμὰς) δ, γ (ἔτους) Θὼ(θ) ϛ̅ (δραχμὰς) β (ὀβολὸν) (χαλκο­ῦς 3).

English translation:
1 Year 2, Epeiph 6, in the name of Kabiris
2 son of Pasemis, for the poll tax, Kerameia, of the 2nd year, 4 drachmas;
3 and in the name of the heirs of Hars[...] son of Sen[...]
4 for rent of the 2nd year, 4 drachmas 2 obols 1/2 obol.
5 Mesore 6, in the name of Kabiris son of Pasemis,
6 for the poll tax, Kerameia, of the 2nd year, 4 drachmas; year 3, Thoth 6, 2 drachmas 1 obol 3 chalkoi.

Original text: Duke Databank of Documentary Papyri (DDbDP); metadata: Heidelberger
Gesamtverzeichnis der griechischen Papyrusurkunden Ägyptens (HGV); via papyri.info
(github.com/papyri/idp.data), licensed CC BY 3.0."
ATD-000093,3 Sep 194 AD (?),Thebes,Kabiris son of Pasemis,,poll tax,2.1964,drachmas,money,O.Heid. 257,"Original Text:
1 β (ἔτους) Ἐπεὶφ ϛ̅ ὀνόμ(ατος) Καβίριος
2 Πασήμ(ιος) λαογρ(αφίας) Κ(εραμείων) β̣ (ἔτους) (δραχμὰς) δ
3 καὶ ὀνό̣μ(ατος) κλ̣(ηρονόμων) Ἁρ̣σ̣ ..α̣ς̣ Σε̣ν̣...ιος
4 ἐνοικ(ίου) β (ἔτους) (δραχμὰς) δ (διώβολον) (ἡμιωβέλιον).
5 Μεσο(ρὴ) ϛ̅ ὀνό̣μ(ατος) Καβί(ριος) Πα̣σῆμις
6 λαογρ(αφίας) Κ̣(εραμείων) β (ἔτους) (δραχμὰς) δ, γ (ἔτους) Θὼ(θ) ϛ̅ (δραχμὰς) β (ὀβολὸν) (χαλκο­ῦς 3).

English translation:
1 Year 2, Epeiph 6, in the name of Kabiris
2 son of Pasemis, for the poll tax, Kerameia, of the 2nd year, 4 drachmas;
3 and in the name of the heirs of Hars[...] son of Sen[...]
4 for rent of the 2nd year, 4 drachmas 2 obols 1/2 obol.
5 Mesore 6, in the name of Kabiris son of Pasemis,
6 for the poll tax, Kerameia, of the 2nd year, 4 drachmas; year 3, Thoth 6, 2 drachmas 1 obol 3 chalkoi.

Original text: Duke Databank of Documentary Papyri (DDbDP); metadata: Heidelberger
Gesamtverzeichnis der griechischen Papyrusurkunden Ägyptens (HGV); via papyri.info
(github.com/papyri/idp.data), licensed CC BY 3.0."
ATD-000094,10 Sep 198-11 Sep 227 AD (?),Thebes,Theon son of P[...]tous,,other,12,drachmas,money,O.Heid. 258,"Original Text:
1 Θὼθ ι̅γ̅ τοῦ ζ (ἔτους) ὀνόμ(ατος)
2 Θέων(ος) Π̣....τοῦτο(ς)
3 ὑπ(ὲρ) στε(φανικοῦ) χρή(ματος) ϛ (ἔτους) Ἀγο(ρῶν) (δραχμὰς) δώ
4 δε(κα), (γίνονται) (δραχμαὶ) ιβ. σεση(μείωμαι).

English translation:
1 Thoth 13 of the 7th year, in the name
2 of Theon son of P[...]tous,
3 for the crown tax of the 6th year, Agorai, twelve
4 drachmas, total 12 dr. I have signed.

Original text: Duke Databank of Documentary Papyri (DDbDP); metadata: Heidelberger
Gesamtverzeichnis der griechischen Papyrusurkunden Ägyptens (HGV); via papyri.info
(github.com/papyri/idp.data), licensed CC BY 3.0."
ATD-000095,101-200 AD,Thebes,,Petechespochrates and partners,,19.4286,drachmas,money,O.Heid. 262,"Original Text:
1 Πετεχεσ̣π(οχράτης) καὶ μ[έτοχοι]
2 ἐπιτ(ηρηταὶ) γενη̣(ματογραφουμένων) γ (ἔτους) .[...]
3 ἔσχον παρὰ [σοῦ ὑπὲρ] [...]
4 (δραχμὰς) ιθ (τριώβολον), (γίνονται) (δραχμὰι) ιθ̣ [(τριώβολον). (ἔτους)] [...]
5 vac. Κ̣α̣ί̣σαρος τ̣[οῦ κυρίου .]

English translation:
1 Petechespochrates and [partners],
2 supervisors of the sequestered produce of the 3rd year [...]
3 We have received from [you for] [...]
4 19 drachmas 3 obols, total 19 dr. [3 ob. Year] [...]
5 of Caesar the [lord ...]

Original text: Duke Databank of Documentary Papyri (DDbDP); metadata: Heidelberger
Gesamtverzeichnis der griechischen Papyrusurkunden Ägyptens (HGV); via papyri.info
(github.com/papyri/idp.data), licensed CC BY 3.0."
ATD-000096,101-200 AD,Thebes,Pasemis,Gaios Ioulios [...] and partners,sales tax,,,,O.Heid. 264,"Original Text:
1 Γάιος Ἰούλ(ιος) .[...] [καὶ μέτοχοι]
2 ἐπιτ(ηρηταὶ) τέλ(ους) ἀγο(ρανομίας) .[...] [. ἔσχομεν]
3 ὑπ(ὲρ) ὀνόμ(ατος) Πασήμ̣[ιος] [...]
4 τὸ καθ(ῆκον) τέλ(ος) ὑ̣π̣[(ὲρ)] [...]
5 Γ̣ά̣ι̣[ος Ἰού(λιος)] [...]
6 ἔσχον ὡς πρ̣ό̣κ(ειται).

English translation:
1 Gaios Ioulios [...] [and partners],
2 supervisors of the agoranomia tax [...] [. We have received]
3 in the name of Pasemis [...]
4 the due tax for [...]
5 Gaios [Ioulios] [...]
6 I have received as above.

Original text: Duke Databank of Documentary Papyri (DDbDP); metadata: Heidelberger
Gesamtverzeichnis der griechischen Papyrusurkunden Ägyptens (HGV); via papyri.info
(github.com/papyri/idp.data), licensed CC BY 3.0."
ATD-000097,101-200 AD,Thebes,,,sales tax,1,drachmas,money,O.Heid. 265,"Original Text:
1 [...] . α . [...]
2 vac.
2 [...] .τελ ἀγο(ρανομίας) ὠ̣ν̣ί̣ω̣(ν) [διὰ --]
3 [...] .υθ γρα(μματέως) Πεκ[ύσει] [...]
4 [...] .χαθ. ἔσχο̣(μεν) [...]
5 [...] [Φ]αρμοῦθ(ι) (δραχμὴν) α. (ἔτους) γ [...]
6 [...]υ Καίσαρος τοῦ κυρίου
7 Φαρμοῦθ(ι) κε̅.
8 [...] .... [...]

English translation:
1 [...] [...]
2 (blank)
2 [...] tax of the agoranomia on sales [through --]
3 [...] secretary, to Pekysis [...]
4 [...] We have received [...]
5 [...] [for Ph]armouthi 1 drachma. Year 3 [...]
6 [...] of Caesar the lord,
7 Pharmouthi 25.
8 [...]

Original text: Duke Databank of Documentary Papyri (DDbDP); metadata: Heidelberger
Gesamtverzeichnis der griechischen Papyrusurkunden Ägyptens (HGV); via papyri.info
(github.com/papyri/idp.data), licensed CC BY 3.0."
ATD-000098,16 Apr 214 AD (?),Thebes,Pikos son of Pikos son of Cha[...],Ioul[...],levy,0.4286,drachmas,money,O.Heid. 267,"Original Text:
1 Φαρμοῦθι κ̅α̅ τοῦ κ̣β̣ (ἔτους)
2 ὀνό(ματος) Πικῶς̣ ὁμ(οίως) Χα..α̣τ̣ο̣ς̣
3 ὑπ(ὲρ) μ̣ε̣ρ̣(ισμοῦ) ἀννώ̣(νης) Χά(ρακος) (τριώβολον) τρῖ̣ς̣
4 π̣.... καὶ ὀνό(ματος) Πο̣ρ̣ιεύθ̣(ου)
5 Πρι..... ... Χά(ρακος) μία̣ν̣
6 π̣... (γίνονται?) .. (τριώβολον) τρῖ̣ς̣ ....
7 --
8 Π.. σεσημ(είωμαι). Ἰουλ σεσημ(είωμαι) (τριώβολον) τρεῖς.

English translation:
1 Pharmouthi 21 of the 22nd year,
2 in the name of Pikos son of Pikos son of Cha[...],
3 for the levy for the annona, Charax, three obols (?)
4 [...] and in the name of Porieuthes
5 son of Pri[...] [...] Charax, one
6 [...] (total?) [...] three obols (?) [...]
7 --
8 I, P[...], have signed. I, Ioul[...], have signed, three obols (?).

Original text: Duke Databank of Documentary Papyri (DDbDP); metadata: Heidelberger
Gesamtverzeichnis der griechischen Papyrusurkunden Ägyptens (HGV); via papyri.info
(github.com/papyri/idp.data), licensed CC BY 3.0."
ATD-000099,16 Apr 214 AD (?),Thebes,Porieuthes son of Pri[...],Ioul[...],levy,,,,O.Heid. 267,"Original Text:
1 Φαρμοῦθι κ̅α̅ τοῦ κ̣β̣ (ἔτους)
2 ὀνό(ματος) Πικῶς̣ ὁμ(οίως) Χα..α̣τ̣ο̣ς̣
3 ὑπ(ὲρ) μ̣ε̣ρ̣(ισμοῦ) ἀννώ̣(νης) Χά(ρακος) (τριώβολον) τρῖ̣ς̣
4 π̣.... καὶ ὀνό(ματος) Πο̣ρ̣ιεύθ̣(ου)
5 Πρι..... ... Χά(ρακος) μία̣ν̣
6 π̣... (γίνονται?) .. (τριώβολον) τρῖ̣ς̣ ....
7 --
8 Π.. σεσημ(είωμαι). Ἰουλ σεσημ(είωμαι) (τριώβολον) τρεῖς.

English translation:
1 Pharmouthi 21 of the 22nd year,
2 in the name of Pikos son of Pikos son of Cha[...],
3 for the levy for the annona, Charax, three obols (?)
4 [...] and in the name of Porieuthes
5 son of Pri[...] [...] Charax, one
6 [...] (total?) [...] three obols (?) [...]
7 --
8 I, P[...], have signed. I, Ioul[...], have signed, three obols (?).

Original text: Duke Databank of Documentary Papyri (DDbDP); metadata: Heidelberger
Gesamtverzeichnis der griechischen Papyrusurkunden Ägyptens (HGV); via papyri.info
(github.com/papyri/idp.data), licensed CC BY 3.0."
ATD-000100,12 Nov 184-12 Nov 216 AD (?),Thebes,Pa[...]; S[...],P[...] son of Paos,other,1.4167,artabas,wheat,O.Heid. 305,"Original Text:
1 Π........ Π̣α̣ῶ̣τος
2 ..... ε̣ἰ̣ς̣ π̣ρό̣σ̣θ̣(εσιν) γ̣ε̣ν̣ή̣(ματος)
3 τ̣ο̣.... ὀνόμ(ατος) Πα.....
4 τ̣ο̣ς̣ ὁ̣(μοίως) Σ̣..........
5 καὶ ....[...]....
6 πυροῦ ἀρτ(άβην) μίαν τρίτον
7 ιβ .., (γίνεται) (πυροῦ ἀρτάβη) α γ ιβ ...
8 (ἔτους) κε̣ / / Ἁθ̣ὺρ ιϛ̅.

English translation:
1 P[...] son of Paos
2 [...] for the supplement of the crop
3 of the [...] in the name of Pa[...]
4 [...] son of the same, and S[...]
5 and [...] [...] [...]
6 one and one-third
7 one-twelfth artaba of wheat, total 1 1/3 1/12 art. of wheat [...]
8 Year 25, Hathyr 16.

Original text: Duke Databank of Documentary Papyri (DDbDP); metadata: Heidelberger
Gesamtverzeichnis der griechischen Papyrusurkunden Ägyptens (HGV); via papyri.info
(github.com/papyri/idp.data), licensed CC BY 3.0."
ATD-000101,14 Jul-23 Jul 70 AD,Thebes,Petemenophis son of Osoroueris,,dike tax,6.5714,drachmas,money,O.Heid. 51,"Original Text:
1 διαγέγρα(φεν) Πετεμε(νῶφις) Ὀσορο̣[υήριος ὑπ(ὲρ)]
2 χω(ματικοῦ) Ἀγο(ρῶν) βο(ρρᾶ) β (ἔτους) (δραχμὰς) ἓξ (τετρώβολον), β̣α̣λ̣(ανευτικοῦ) (4 1/2 ὀβολοὺς), (γίνονται) (δραχμὰς) [ζ (2 1/2 ὀβολοὺς) καὶ προσδ(ιαγραφόμενα).]
3 (ἔτους) β Αὐτοκράτορος Καίσαρος
4 Οὐεσπασιανοῦ Σ̣ε̣β̣α̣σ̣τ̣ο̣ῦ̣ Ἐπεὶφ κ̣[....]

English translation:
1 Petemenophis son of Osoroueris has paid [for]
2 the dike tax, Agorai North, of the 2nd year six drachmas four obols, bath tax 4 1/2 obols, total [7 dr. 2 1/2 ob. and the extra charges.]
3 Year 2 of Imperator Caesar
4 Vespasianus Augustus, Epeiph 2[...].

Original text: Duke Databank of Documentary Papyri (DDbDP); metadata: Heidelberger
Gesamtverzeichnis der griechischen Papyrusurkunden Ägyptens (HGV); via papyri.info
(github.com/papyri/idp.data), licensed CC BY 3.0."
ATD-000102,14 Jul-23 Jul 70 AD,Thebes,Petemenophis son of Osoroueris,,bath tax,0.6429,drachmas,money,O.Heid. 51,"Original Text:
1 διαγέγρα(φεν) Πετεμε(νῶφις) Ὀσορο̣[υήριος ὑπ(ὲρ)]
2 χω(ματικοῦ) Ἀγο(ρῶν) βο(ρρᾶ) β (ἔτους) (δραχμὰς) ἓξ (τετρώβολον), β̣α̣λ̣(ανευτικοῦ) (4 1/2 ὀβολοὺς), (γίνονται) (δραχμὰς) [ζ (2 1/2 ὀβολοὺς) καὶ προσδ(ιαγραφόμενα).]
3 (ἔτους) β Αὐτοκράτορος Καίσαρος
4 Οὐεσπασιανοῦ Σ̣ε̣β̣α̣σ̣τ̣ο̣ῦ̣ Ἐπεὶφ κ̣[....]

English translation:
1 Petemenophis son of Osoroueris has paid [for]
2 the dike tax, Agorai North, of the 2nd year six drachmas four obols, bath tax 4 1/2 obols, total [7 dr. 2 1/2 ob. and the extra charges.]
3 Year 2 of Imperator Caesar
4 Vespasianus Augustus, Epeiph 2[...].

Original text: Duke Databank of Documentary Papyri (DDbDP); metadata: Heidelberger
Gesamtverzeichnis der griechischen Papyrusurkunden Ägyptens (HGV); via papyri.info
(github.com/papyri/idp.data), licensed CC BY 3.0."
ATD-000103,15 Jan 75 AD,Thebes,Petemenophis son of Osoroueris and partners,Dekmos son of Bassos,trade tax,8.5714,drachmas,money,O.Heid. 52,"Original Text:
1 κυν̣ηψ(ίδων) Ἀγο(ρῶν) βο(ρρᾶ), ζ (ἔτους) Οὐεσπασιανοῦ
2 τοῦ κυρίου Τῦβ(ι) κ̣̅. Π̣ε̣τ̣ε̣μ̣ε(νῶφις)
3 Ὀσορου̣(ήριος) (δεκανὸς) καὶ μέ(τοχοι) ῥυπ(αρὰς) (δραχμὰς) ὀ̣κ̣τ̣ὼ̣ τετρώ(βολον),
4 (γίνονται) (δραχμὰς) η (τετρώβολον). Δέκμο(ς) βάσσου σεσημ(είωμαι).

English translation:
1 Hunting-boats tax, Agorai North, 7th year of Vespasianus
2 the lord, Tybi 2[0]. Petemenophis
3 son of Osoroueris, decurion, and partners, eight dirty drachmas four obols,
4 total 8 dr. 4 ob. I, Dekmos son of Bassos, have signed.

Original text: Duke Databank of Documentary Papyri (DDbDP); metadata: Heidelberger
Gesamtverzeichnis der griechischen Papyrusurkunden Ägyptens (HGV); via papyri.info
(github.com/papyri/idp.data), licensed CC BY 3.0."
ATD-000104,Feb-Mar 75 AD,Thebes,Petemenophis son of Osoroueris and partners,,levy,13.4286,drachmas,money,O.Heid. 53,"Original Text:
1 διαγεγρά(φασιν) Πετεμ̣ε̣(νῶφις) Ὀσορου̣ήριο(ς) (δεκανὸς) καὶ μ(έ)τοχ̣(οι) (ἄν)δ̣ρ̣(ες) [... ὑπὲρ(?)]
2 ζ (ἔτους) κ̣υ̣ν̣η̣γ(ίδων) μερισμοῦ Ἀ̣γο(ρῶν) β̣ο̣(ρρᾶ) (δραχμὰς) δεκατρῖς
3 τριο̣β̣(ολον), (γίνονται) ι̣γ̣ (τριώβολον). (ἔτους) ζ Οὐεσπασιανοῦ τοῦ κυρ[ίου]
4 Φαμ̣ε̣ν̣ὼ̣θ̣ [...].

English translation:
1 Petemenophis son of Osoroueris, decurion, and partners, men [... for(?)] have paid
2 for the 7th year, for the levy for hunting boats, Agorai North, thirteen drachmas
3 three obols, total 13 dr. 3 ob. Year 7 of Vespasianus the lord,
4 Phamenoth [...].

Original text: Duke Databank of Documentary Papyri (DDbDP); metadata: Heidelberger
Gesamtverzeichnis der griechischen Papyrusurkunden Ägyptens (HGV); via papyri.info
(github.com/papyri/idp.data), licensed CC BY 3.0."
ATD-000105,24 May 79 AD (?),Thebes,Petemenophis son of Osoroueris,Bassos,mixed,9.2857,drachmas,money,O.Heid. 55,"Original Text:
1 κυνη(γίδων) καὶ μερισμ(οῦ) ποταμο(φυλακίδων) ια (ἔτους) Οὐεσπασιανοῦ
2 τοῦ κυρίου Π̣α̣χὼ̣(ν) κ̅θ̣̅ Ἀγο(ρῶν) βο(ρρᾶ) (δεκανία?) Πετεμ̣ε̣(νώφιος)
3 Ὀσορο̣υ̣ή̣(ριος) ῥυπ(αρὰς) (δραχμὰς) θ (διώβολον), [(γίνονται)] (διώβολον). βάσσο(ς) σεσημ(είωμαι).

English translation:
1 Hunting-boats tax and levy for river-guard boats, 11th year of Vespasianus
2 the lord, Pachon 29, Agorai North, (decury?) of Petemenophis
3 son of Osoroueris, 9 dirty drachmas 2 obols, [total] 2 obols. I, Bassos, have signed.

Original text: Duke Databank of Documentary Papyri (DDbDP); metadata: Heidelberger
Gesamtverzeichnis der griechischen Papyrusurkunden Ägyptens (HGV); via papyri.info
(github.com/papyri/idp.data), licensed CC BY 3.0."
ATD-000106,70-79 AD,Thebes,Petemenophis son of Osoroueris,,trade tax,8.1429,drachmas,money,O.Heid. 56,"Original Text:
1 διαγ(έγραφεν) Πετεμεν[ῶφις Ὀσορουήριος ...]
2 Ἀγο(ρῶν) Βο(ρρᾶ) ὑπ(ὲρ) κυν̣[ηγίδων ...]
3 ῥ̣υ̣π(αρὰς) (δραχμὰς) η (ὀβολόν) [...]

English translation:
1 Petemen[ophis son of Osoroueris ...] has paid
2 of Agorai Borra, for hunting [boats ...]
3 8 dirty dr. 1 ob. [...]

Original text: Duke Databank of Documentary Papyri (DDbDP); metadata: Heidelberger
Gesamtverzeichnis der griechischen Papyrusurkunden Ägyptens (HGV); via papyri.info
(github.com/papyri/idp.data), licensed CC BY 3.0."
ATD-000107,13 May 106-13 May 125 AD (?),Thebes,Herakles son of Pebrichis,,bath tax,,,,O.Heid. 60,"Original Text:
1 [...]..ιω β̣ τ̣ε̣λ̣(ώνης) θη(σαυροῦ) ἱερῶ(ν) τοῦ θ (ἔτους)
2 [Ἡρ]ακλ[ῆ]ς̣ Πεβρ̣ί̣[χιος̣.(?)]
3 [ἔσ]χο(μεν) τὸ βαλ(ανευτικὸν) τοῦ θ (ἔτους)
4 [... τ]οῦ κυ̣ρ̣ί̣ου Παχ(ὼν) ιη.

English translation:
1 [...]..io b(?), tax farmer of the sacred treasury, of the 9th year,
2 to [Her]akl[e]s son of Pebri[chis(?)].
3 [We have] received the bath tax of the 9th year
4 [... of the] lord, Pachon 18.

Original text: Duke Databank of Documentary Papyri (DDbDP); metadata: Heidelberger
Gesamtverzeichnis der griechischen Papyrusurkunden Ägyptens (HGV); via papyri.info
(github.com/papyri/idp.data), licensed CC BY 3.0."
ATD-000108,22 Nov 106 AD (?),Thebes,Herakles son of Pebrichis,Achilleus,poll tax,4,drachmas,money,O.Heid. 62,"Original Text:
1 δια(γέγραφεν) Ἡρακ̣λ̣ῆ̣ς̣ Πεβρίχ̣ιο(ς)
2 [...]ι̣ ὑπ̣(ὲρ) λαο̣(γραφίας) ι (ἔτους) Ἀγ̣ο̣(ρῶν) [Β]ο̣(ρρᾶ) δ̣ρ̣α̣χ̣(μὰς)
3 [...].... (γίνονται) (δραχμάς) δ.
4 (ἔτους) δεκ(άτου) Τραιανοῦ
5 Ἁ̣θ̣ὺ̣ρ̣ κϛ. Ἀχ̣(ιλλεύς).

English translation:
1 Herakles son of Pebrichis has paid
2 [...] for poll tax of the 10th year, of Agorai Borra, drachmas
3 [...]...., total 4 dr.
4 Tenth year of Traianus,
5 Hathyr 26. Ach(illeus).

Original text: Duke Databank of Documentary Papyri (DDbDP); metadata: Heidelberger
Gesamtverzeichnis der griechischen Papyrusurkunden Ägyptens (HGV); via papyri.info
(github.com/papyri/idp.data), licensed CC BY 3.0."
ATD-000109,28 May 110 AD (?),Thebes,Herakles son of Pebrichis,Asph. and partners,bath tax,,,,O.Heid. 63,"Original Text:
1 Ἀσφ. καὶ μέτοχ(οι) τελ̣(ῶναι) θησ(αυροῦ) [ἱερῶν]
2 Ἡρακ(λεῖ) Πεβρίχ(ιος). ἔσχ(ομεν) τ̣[ὸ βαλ(ανευτικὸν)]
3 τοῦ ιγ̣ (ἔτους) Τρα̣ι̣α̣ν̣ο̣ῦ̣ τ̣[οῦ κυρίου]
4 Πα̣ῦ̣ν̣ι γ̣ [...]

English translation:
1 Asph. and partners, tax farmers of the [sacred] treasury,
2 to Herakles son of Pebrichis. We have received the [bath tax]
3 of the 13th year of Traianus the [lord],
4 Pauni 3 [...]

Original text: Duke Databank of Documentary Papyri (DDbDP); metadata: Heidelberger
Gesamtverzeichnis der griechischen Papyrusurkunden Ägyptens (HGV); via papyri.info
(github.com/papyri/idp.data), licensed CC BY 3.0."
ATD-000110,6 Feb 129 AD,Thebes,Pebrichis son of Herakles,Petechespochrates and partners,bath tax,,,,O.Heid. 67,"Original Text:
1 Πετεχεσποχ(ράτης) καὶ μ(έτοχοι) τ̣ε̣λ̣(ῶναι) θησ(αυροῦ)
2 Πεβρίχι Ἡρακλήο̣υς̣
3 μη(τρὸς) Σενκαμή(τιος) χα(ίρειν). ἔσχο(μεν) ὑπ(ὲρ) βαλ(ανευτικοῦ)
4 τοῦ ιγ̣ (ἔτους) Ἁδριανοῦ
5 τοῦ κυρίου Μεχε(ὶρ)
6 ιβ.

English translation:
1 Petechespochrates and partners, tax farmers of the treasury,
2 to Pebrichis son of Herakles,
3 his mother being Senkametis, greeting. We have received for bath tax
4 of the 13th year of Hadrianus
5 the lord, Mecheir
6 12.

Original text: Duke Databank of Documentary Papyri (DDbDP); metadata: Heidelberger
Gesamtverzeichnis der griechischen Papyrusurkunden Ägyptens (HGV); via papyri.info
(github.com/papyri/idp.data), licensed CC BY 3.0."
ATD-000111,10 Nov 139 AD,Thebes,Paniskos son of Pikos,Ailourion; Horos,land tax,0.4643,drachmas,money,O.Heid. 71,"Original Text:
1 Αἰλουρ(ίων) καὶ Ὧρο(ς) πράκ(τορες) ἀργυ̣(ρικῶν)
2 Πεβρίχει Ἡρακλήο(υς).
3 ἔσχ(ομεν) ὑπ(ὲρ) γεο̣μ(ετρίας) β (ἔτους) ὀνόμ(ατος)
4 Πανίσκου Πι̣κ̣ῶτο(ς) ῥυπ(αρὸν)
5 (τριώβολον), (2 χαλκοῦς) (γίνονται) ῥυπ(αρὸν) (τριώβολον) (2 χαλκοῦς). (ἔτους) γ
6 Ἀντωνίνου Καίσαρος
7 τοῦ κυρίου Ἁθὺρ
8 ι̅γ̅.
9 Αἰλο(υρίων) δι(ὰ) Κα̣λ.

English translation:
1 Ailourion and Horos, collectors of money taxes,
2 to Pebrichis son of Herakles.
3 We have received for land survey of the 2nd year, in the name
4 of Paniskos son of Pikos, dirty
5 three obols, 2 chalkoi, total dirty 3 ob. 2 ch. Year 3
6 of Antoninus Caesar
7 the lord, Hathyr
8 13.
9 Ailourion through Kal.

Original text: Duke Databank of Documentary Papyri (DDbDP); metadata: Heidelberger
Gesamtverzeichnis der griechischen Papyrusurkunden Ägyptens (HGV); via papyri.info
(github.com/papyri/idp.data), licensed CC BY 3.0."
ATD-000112,11 Oct 141 AD,Thebes,Psais son of Ph[...],Horos,land tax,0.5,drachmas,money,O.Heid. 74,"Original Text:
1 Ὧρος πράκ(τωρ) ἀργ̣(υρικῶν) Χά(ρακος) Ψάιτι Φ̣...
2 διὰ̣ Πε̣β̣ρ̣ίχι̣ο̣(ς) Ἡρακλήους. ἔσχ(ον)
3 ὑπ(ὲρ) γεω̣μ(ετρίας) δ̣ (ἔτους) τριο̣βολ(ον) ἡμιωβέ̣λ̣(ιον),
4 (γίνονται) (3 1/2 ὀβολοὺς). (ἔτους) ε Ἀντωνείνο(υ)
5 Καίσαρος τοῦ κυρίου
6 Φαῶφι ιδ.

English translation:
1 Horos, collector of money taxes of Charax, to Psais son of Ph...
2 through Pebrichis son of Herakles. I have received
3 for land survey of the 4th year three obols, a half-obol,
4 total 3 1/2 ob. Year 5 of Antoninus
5 Caesar the lord,
6 Phaophi 14.

Original text: Duke Databank of Documentary Papyri (DDbDP); metadata: Heidelberger
Gesamtverzeichnis der griechischen Papyrusurkunden Ägyptens (HGV); via papyri.info
(github.com/papyri/idp.data), licensed CC BY 3.0."
ATD-000113,144-145 AD,Thebes,Paibrichis son of Herakles,Petechonsis; Porieuthes,levy,1,drachmas,money,O.Heid. 76,"Original Text:
1 Π̣ετεχ̣ῶ̣ν̣(σις) καὶ Ποριεύθου
2 ἀπαι̣τ(ηταὶ) μερισυ(οῦ) πρα̣ισιδίου
3 Παιβριχ̣ιο̣ς Ἡρακλήου
4 (δραχμὴ) α. (ἔτους) η Ἀντωνίνου τ̣ο̣ῦ̣ κ̣υ̣ρ̣ί̣ο̣υ̣
5 -- Ποριεύθ(ης) σεση(μείωμαι).
6 Πεβ̣ρ̣ῖ̣χ(ις) Ἡρακ(λήου) .....
7 σ............ει
7 [...]

English translation:
1 Petechonsis and Porieuthes,
2 collectors of the levy for the garrison:
3 Paibrichis son of Herakles
4 1 dr. Year 8 of Antoninus the lord.
5 -- I, Porieuthes, have signed.
6 Pebrichis son of Herakles .....
7 s............ei
7 [...]

Original text: Duke Databank of Documentary Papyri (DDbDP); metadata: Heidelberger
Gesamtverzeichnis der griechischen Papyrusurkunden Ägyptens (HGV); via papyri.info
(github.com/papyri/idp.data), licensed CC BY 3.0."
ATD-000114,16 Oct 146 AD,Thebes,heirs of Psais son of Phaeris,Didymos; Petearoueris,land tax,0.4286,drachmas,money,O.Heid. 77,"Original Text:
1 Δίδυμο(ς) καὶ Πετεαρο(υῆρις) πράκ(τορες) ἀργυ(ρικῶν)
2 Χά(ρακος) Πεβρῖχι Ἡρακλήο(υς). ἔσχ(ομεν)
3 ὑπ(ὲρ) γεωμ(ετρίας) θ (ἔτους) (ὀνόµατος κληρονόµων) Ψ̣άιτ̣ο(ς) Φ̣αή̣ρ̣ιο(ς)
4 ῥυπ(αρὸν) τριώβολ(ον), (γίνονται) ῥυπ(αρὸν) (τριώβολον). (ἔτους) ι
5 Ἀντωνί⟨ν⟩ου Καίσαρος τοῦ κυρίου
6 Φαῶφι ιθ. Δίδ(υμος) δ̣ι̣(ὰ) Φατ(ρήους) γρ(αμματέως) σεση(μείωμαι).

English translation:
1 Didymos and Petearoueris, collectors of money taxes
2 of Charax, to Pebrichis son of Herakles. We have received
3 for land survey of the 9th year, in the name of the heirs of Psais son of Phaeris,
4 dirty three obols, total dirty 3 ob. Year 10
5 of Antoninus Caesar the lord,
6 Phaophi 19. I, Didymos, through Phatres, secretary, have signed.

Original text: Duke Databank of Documentary Papyri (DDbDP); metadata: Heidelberger
Gesamtverzeichnis der griechischen Papyrusurkunden Ägyptens (HGV); via papyri.info
(github.com/papyri/idp.data), licensed CC BY 3.0."
ATD-000115,6 Nov 179 AD,Thebes,Senkametis daughter of Abos son of Inaros,,land tax,1.2857,drachmas,money,O.Heid. 79,"Original Text:
1 Ἁθὺρ θ τοῦ κ (ἔτους) ὀν̣[ό(ματος) Σενκαμήτιος]
2 Ἀβῶτο(ς) Ἰναρῶτο̣(ς) [ὑπ(ὲρ) γεωμ(ετρίας) ιθ (ἔτους) Χάρακος]
3 (δραχμὴν) α (διώβολον). Φ̣--.

English translation:
1 Hathyr 9 of the 20th year, in the name [of Senkametis]
2 daughter of Abos son of Inaros [for land survey of the 19th year, of Charax]
3 1 dr. 2 ob. Ph--.

Original text: Duke Databank of Documentary Papyri (DDbDP); metadata: Heidelberger
Gesamtverzeichnis der griechischen Papyrusurkunden Ägyptens (HGV); via papyri.info
(github.com/papyri/idp.data), licensed CC BY 3.0."
ATD-000116,1 Oct 181 AD,Thebes,Senkametis daughter of Abos son of Inaros,,land tax,1.2857,drachmas,money,O.Heid. 85,"Original Text:
1 Φαῶφι δ̅ τοῦ κβ (ἔτους)
2 ὀνό(ματος) Σε⟨ν⟩καμή(τιος) Ἀβῶτο(ς)
3 Ἰναρῶ(τος) ὑπ(ὲρ) γεωμ(ετρίας) κα (ἔτους) Χά(ρακος) [(δραχμὴν) α (διώβολον).]
4 ..[...]

English translation:
1 Phaophi 4 of the 22nd year,
2 in the name of Senkametis daughter of Abos
3 son of Inaros, for land survey of the 21st year, of Charax, [1 dr. 2 ob.]
4 ..[...]

Original text: Duke Databank of Documentary Papyri (DDbDP); metadata: Heidelberger
Gesamtverzeichnis der griechischen Papyrusurkunden Ägyptens (HGV); via papyri.info
(github.com/papyri/idp.data), licensed CC BY 3.0."
ATD-000117,16 Aug 182 AD,Thebes,Senkametis daughter of Abos,Pa[...],land tax,1.2857,drachmas,money,O.Heid. 89,"Original Text:
1 Μεσο(ρὴ) κγ τοῦ κβ (ἔτους)
2 ὀνόμ(ατος) Σενκαμ(ήτιος) Ἀβῶτο(ς)
3 ὑ̣π̣(ὲρ) γεωμ(ετρίας) κβ (ἔτους) Χά(ρακος) (δραχμὴν) μίαν (διώβολον),
4 [(γίνεται) (δραχμὴν)] α̣ (διώβολον) Πα.... σ̣ε̣σ̣η̣μ̣(είωμαι).

English translation:
1 Mesore 23 of the 22nd year,
2 in the name of Senkametis daughter of Abos
3 for land survey of the 22nd year, of Charax, one drachma two obols,
4 [total] 1 [dr.] 2 ob. I, Pa...., have signed.

Original text: Duke Databank of Documentary Papyri (DDbDP); metadata: Heidelberger
Gesamtverzeichnis der griechischen Papyrusurkunden Ägyptens (HGV); via papyri.info
(github.com/papyri/idp.data), licensed CC BY 3.0."
ATD-000118,14 Aug 183 AD,Thebes,Senkametis daughter of Abos,,land tax,1.2857,drachmas,money,O.Heid. 90,"Original Text:
1 ⟦Με⟧
2 Μεσο(ρὴ) κα τοῦ κγ (ἔτους) ὀνόμ(ματος)
3 Σενκαμ(ήτιος) Ἀβῶτο(ς) ὑπ(ὲρ)
4 γεωμ(ετρίας) κγ̣ (ἔτους) Χά(ρακος) (δραχμὴν) α (διώβολον). Π̣.η̣.

English translation:
1 ⟦Me⟧
2 Mesore 21 of the 23rd year, in the name
3 of Senkametis daughter of Abos for
4 land survey of the 23rd year, of Charax, 1 dr. 2 ob. P.e.

Original text: Duke Databank of Documentary Papyri (DDbDP); metadata: Heidelberger
Gesamtverzeichnis der griechischen Papyrusurkunden Ägyptens (HGV); via papyri.info
(github.com/papyri/idp.data), licensed CC BY 3.0."
ATD-000119,Feb-Apr 185 AD (?),Thebes,Pebrichis son of Pebrichis son of Herakles,Miysis and partners,crop tax,11.2857,drachmas,money,O.Heid. 91,"Original Text:
1 Μιῦσις καὶ μ(έτοχοι) ἐπιτ(ηρηταὶ) τιμ(ῆς) οἴνου καὶ φοιν(ίκων)
2 Πεβρίχ(ει) [(ὁμοίως)] Ἡρακλ(ήους). [ἔσ]χ̣(ομεν) π̣α̣ρ̣ὰ̣ [σοῦ ὑπ(ὲρ)]
3 τιμ(ῆς) φοιν(ίκων) γενήμ(ατος) κ̣δ (ἔτους) [(δραχμὰς) ἕν]δ̣εκα (διώβολον),
4 (γίνονται) (δραχμαὶ) ια (διώβολον), [ἃς καὶ] δι[αγρά(ψομεν) ἐπὶ τὴν δημ(οσίαν)] τ̣ράπ(εζαν).

English translation:
1 Miysis and partners, overseers of the price of wine and dates,
2 to Pebrichis [son of the same] Herakles. We have received from [you for]
3 the price of dates of the crop of the 24th year [el]even [drachmas] two obols,
4 total 11 dr. 2 ob., [which we will also] pay [into the public] bank.

Original text: Duke Databank of Documentary Papyri (DDbDP); metadata: Heidelberger
Gesamtverzeichnis der griechischen Papyrusurkunden Ägyptens (HGV); via papyri.info
(github.com/papyri/idp.data), licensed CC BY 3.0."
ATD-000120,23 Sep 185 AD,Thebes,Senkametis daughter of Abos,Pha[...],land tax,1.2857,drachmas,money,O.Heid. 92,"Original Text:
1 Θὼθ κ̣ϛ τοῦ κϛ (ἔτους)
2 ὀνό(ματος) Σενκαμή(τιος) Ἀβῶτ(ος)
3 ὑπ(ὲρ) γεωμ(ετρίας) κε (ἔτους) [Χά(ρακος) (δραχμὴν)] μίαν (2 ὀβολούς),
4 (γίνεται). (δραχμὴ) α (διώβολον). Φ̣α̣.

English translation:
1 Thoth 26 of the 26th year,
2 in the name of Senkametis daughter of Abos
3 for land survey of the 25th year [of Charax] one [drachma] 2 ob.,
4 total. 1 dr. 2 ob. Pha.

Original text: Duke Databank of Documentary Papyri (DDbDP); metadata: Heidelberger
Gesamtverzeichnis der griechischen Papyrusurkunden Ägyptens (HGV); via papyri.info
(github.com/papyri/idp.data), licensed CC BY 3.0."
ATD-000121,Feb-Apr 187 AD (?),Thebes,Pebrichis son of Pebrichis son of Herakles,Miysis and partners,crop tax,11.1429,drachmas,money,O.Heid. 94,"Original Text:
1 Μιῦσις καὶ μ(έτοχοι) ἐπιτ(ηρηταὶ) τιμ(ῆς)
2 οἴνου καὶ φοιν(ίκων) Πεβρίχ(ει)
3 Πεβρίχ(ιος) Ἡρακλ(ήους).
4 ἔσχ(ομεν) παρὰ σ̣(οῦ) ὑπ(ὲρ) τιμ(ῆς) φοιν(ίκων)
5 γενήμ(ατος) κϛ (ἔτους) (δραχμὰς) ἕνδε̣
6 κα (ὀβολὸν), (γίνονται) (δραχμαὶ) ια (ὀβολὸς), ἃς
7 καὶ διαγ̣ρ̣ά(ψομεν) ἐπὶ τὴν δ(ημοσίαν)
8 τράπ(εζαν).

English translation:
1 Miysis and partners, overseers of the price
2 of wine and dates, to Pebrichis
3 son of Pebrichis, grandson of Herakles.
4 We have received from you for the price of dates
5 of the crop of the 26th year eleven drachmas
6 one obol, total 11 dr. 1 ob., which
7 we will also pay into the public
8 bank.

Original text: Duke Databank of Documentary Papyri (DDbDP); metadata: Heidelberger
Gesamtverzeichnis der griechischen Papyrusurkunden Ägyptens (HGV); via papyri.info
(github.com/papyri/idp.data), licensed CC BY 3.0."
ATD-000122,28 Nov 187 AD,Thebes,Senkametis daughter of Abos son of Inaros,,land tax,1,drachmas,money,O.Heid. 98,"Original Text:
1 Ἁδριανοῦ α τοῦ κη (ἔτους) ὀνό(ματος)
2 Σενκαμήτ(ιος) Ἀβῶτο(ς) Ἰναρῶ(τος)
3 ὑπ(ὲρ) γεωμ(ετρίας) κζ (ἔτους) Χά(ρακος) (δραχμὴν) μία̣ν̣, (γίνεται) (δραχμὴ) α.
4 Α...

English translation:
1 Hadrianos 1 of the 28th year, in the name
2 of Senkametis daughter of Abos son of Inaros
3 for land survey of the 27th year, of Charax, one drachma, total 1 dr.
4 A...

Original text: Duke Databank of Documentary Papyri (DDbDP); metadata: Heidelberger
Gesamtverzeichnis der griechischen Papyrusurkunden Ägyptens (HGV); via papyri.info
(github.com/papyri/idp.data), licensed CC BY 3.0."
ATD-000123,6 Dec 10 AD,Thebes,Petem[...] son of Petem[...],Apollonios and partners,bath tax,2,drachmas,money,O.Petr. Mus. 207,"Original Text:
1 Ἀπολλ̣ώ̣(νιος) ..πολ βαλ(ανεὺς) καὶ μέτοχ(οι) Πετεμ
2 Πετεμ χα̣ί̣(ρειν). ἀπέχ(ομεν) τὸ τέλ(ος) τοῦ βαλ(ανείου) το(ῦ)
3 μ (ἔτους) (δραχμὰς) β (ἔτους) μ Καίσαρος Χοιάχ

English translation:
1 Apollonios ..pol, bath-keeper, and partners, to Petem[...]
2 son of Petem[...], greeting. We have received the tax of the bath of the
3 40th year, 2 dr. Year 40 of Caesar, Choiak.

Original text: Duke Databank of Documentary Papyri (DDbDP); metadata: Heidelberger
Gesamtverzeichnis der griechischen Papyrusurkunden Ägyptens (HGV); via papyri.info
(github.com/papyri/idp.data), licensed CC BY 3.0."
ATD-000124,6 Aug 17 AD,Thebes,Paeris son of Petem.n[...],Mesoeris son of Ammonios and partners,bath tax,0.0417,artabas,wheat,O.Petr. Mus. 208,"Original Text:
1 Μεσοῆρις Ἀ̣μ̣μ̣ω̣ν̣ί̣ο̣υ̣
2 καὶ μέτοχ(οι) Π̣αέριος Πετεμ.ν
3 χα(ίρειν) ἀπ(έχομεν) παρὰ σοῦ φόρου
4 βαλ(ανείου) (πυροῦ ἀρτάβης) κ̣̅δ̣̅ (ἔτους) γ̣ Τιβερ̣ίο̣υ̣
5 Καίσαρος Σ̣ε̣β̣α̣σ̣τ̣ο̣ῦ̣
6 Μεσορὴ ι̅γ̣̅

English translation:
1 Mesoeris son of Ammonios
2 and partners to Paeris son of Petem.n,
3 greeting. We have received from you for the payment
4 for the bath 1/24 artaba of wheat. Year 3 of Tiberius
5 Caesar Augustus,
6 Mesore 13.

Original text: Duke Databank of Documentary Papyri (DDbDP); metadata: Heidelberger
Gesamtverzeichnis der griechischen Papyrusurkunden Ägyptens (HGV); via papyri.info
(github.com/papyri/idp.data), licensed CC BY 3.0."
ATD-000125,7 Jun 25 AD,Thebes,Psenem[...] son of Pikos,Apollodoros; Phaibion,bath tax,2,drachmas,money,O.Petr. Mus. 209,"Original Text:
1 Ἀπολ̣[λ]ό̣[δ](ωρος) καὶ Φαιβίω[ν]
2 Ψενεμ Πικῶς
3 χα(ίρειν) ἔχω(μεν) (δραχμὰς) β βαλ(ανευτικοῦ)
4 ι̅α̅ (ἔτους) Τιβερίου
5 Καίσαρος Σεβα(στοῦ)
6 Παοῖν(ι)
7 ιγ

English translation:
1 Apollodoros and Phaibion
2 to Psenem[...] son of Pikos,
3 greeting. We have 2 dr. for bath tax
4 of the 11th year of Tiberius
5 Caesar Augustus,
6 Pauni
7 13.

Original text: Duke Databank of Documentary Papyri (DDbDP); metadata: Heidelberger
Gesamtverzeichnis der griechischen Papyrusurkunden Ägyptens (HGV); via papyri.info
(github.com/papyri/idp.data), licensed CC BY 3.0."
ATD-000126,15 Apr 154 AD,Thebes,Kam[...] son of Pemaus,Horion and partners; Dioskoros,bath tax,1,drachmas,money,O.Petr. Mus. 210,"Original Text:
1 Ὡρίων καὶ μ(έτοχοι) τελ(ῶναι) θησ(αυροῦ) ἱερῶ(ν) Κ̣α̣μ̣....
2 Πεμαῦτ(ος) ἔσχ(ομεν) ὑπ(ὲρ) βαλ(ανευτικοῦ) δραχ(μὴν) μίαν (γίνεται) (δραχμὴ) α
3 τοῦ ιζ (ἔτους) Ἀντωνίνου Καίσαρος
4 τοῦ κυρίου Φαρμοῦθι κ̅.
5 Διόσκορο̣(ς) σ̣ε̣(σημείωμαι)

English translation:
1 Horion and partners, tax farmers of the sacred treasury, to Kam....
2 son of Pemaus. We have received for bath tax one drachma, total 1 dr.,
3 of the 17th year of Antoninus Caesar
4 the lord, Pharmouthi 20.
5 I, Dioskoros, have signed.

Original text: Duke Databank of Documentary Papyri (DDbDP); metadata: Heidelberger
Gesamtverzeichnis der griechischen Papyrusurkunden Ägyptens (HGV); via papyri.info
(github.com/papyri/idp.data), licensed CC BY 3.0."
ATD-000127,23 Aug 177 AD,Thebes,Pet[...] son of Besis,Apellas and partners,bath tax,,,,O.Petr. Mus. 211,"Original Text:
1 Ἀπελλᾶς καὶ μ(έτοχοι) τελ(ῶναι)
2 θησα(υροῦ) ἱερῶ(ν) Πετ̣...
3 Βήσ̣ι̣ο̣ς̣ ἐσχήκ̣(αμεν) πα̣ρ̣ὰ̣ σ̣οῦ
4 τὸ βαλ̣(ανευτικὸν) τοῦ ιζ (ἔτους) Αὐρηλίων
5 Ἀντωνίνου καὶ Κομμόδου
6 τῶν κυρίων Σεβαστῶν
7 Μεσ(ορὴ) λ̅

English translation:
1 Apellas and partners, tax farmers
2 of the sacred treasury, to Pet...
3 son of Besis. We have received from you
4 the bath tax of the 17th year of the Aurelii
5 Antoninus and Commodus
6 the lords Augusti,
7 Mesore 30.

Original text: Duke Databank of Documentary Papyri (DDbDP); metadata: Heidelberger
Gesamtverzeichnis der griechischen Papyrusurkunden Ägyptens (HGV); via papyri.info
(github.com/papyri/idp.data), licensed CC BY 3.0."
ATD-000128,30 Nov 141 AD,Thebes,Panouris son of Psenamounis,Horos; Heraklas,land tax,1.2143,drachmas,money,O.Petr. Mus. 213,"Original Text:
1 Ὧρος πράκ(τωρ) ἀργ(υρικῶν) Χάρακ(ος) Πανο̣ῦρι̣
2 Ψεναμο(ύνιος) ἔσχ(ον) ὑπ(ὲρ) γεομετρίας δ (ἔτους)
3 (δραχμὴν) μία (ὀβολὸν) (ἡμιωβέλιον) (γίνεται) (δραχμὴ) α (ὀβολὸς) (ἡμιωβέλιον). (ἔτους) ε Ἀντωνείνου
4 Καίσαρος τοῦ κυρίου Ἁδριανοῦ δ̅
5 Ἡρακ(λᾶς?) σ(εσ)η(μείωμαι)

English translation:
1 Horos, collector of money taxes of Charax, to Panouris
2 son of Psenamounis. I have received for the land survey of the 4th year
3 one drachma one and a half obols, total 1 dr. 1 1/2 ob. Year 5 of Antoninus
4 Caesar the lord, Hadrianos 4.
5 I, Herak(las?), have signed.

Original text: Duke Databank of Documentary Papyri (DDbDP); metadata: Heidelberger
Gesamtverzeichnis der griechischen Papyrusurkunden Ägyptens (HGV); via papyri.info
(github.com/papyri/idp.data), licensed CC BY 3.0."
ATD-000129,29 Jul 189 AD,Thebes,Petemenophis son of Pekysis son of Phatres,,land tax,12,drachmas,money,O.Petr. Mus. 215,"Original Text:
1 Μεσο(ρὴ) ε̅ ὑπ(ὲρ) Χ(άρακος) ὀνό(ματος) Πετε(μενώφιος)
2 Πεκύσιο(ς) Φατρήο(υς) \ὑπ(ὲρ)/ γεω(μετρίας) (δραχμὰς) ιβ.
2 vac.
3 ἄλ(λαι) Θὼθ ιϛ̅ τοῦ λ (ἔτους)
4 ὑπ(ὲρ) Χ(άρακος) ὀνό(ματος) Πετε(μενώφιος)
5 Πεκύσιο(ς)
6 [...]

English translation:
1 Mesore 5, for Charax, in the name of Petemenophis
2 son of Pekysis, grandson of Phatres, for land survey twelve drachmas.
2 (vacat)
3 Further, Thoth 16 of the 30th year,
4 for Charax, in the name of Petemenophis
5 son of Pekysis
6 [...]

Original text: Duke Databank of Documentary Papyri (DDbDP); metadata: Heidelberger
Gesamtverzeichnis der griechischen Papyrusurkunden Ägyptens (HGV); via papyri.info
(github.com/papyri/idp.data), licensed CC BY 3.0."
ATD-000130,188-190 AD,Thebes,Petemenophis son of Pekysis son of Phatres,,land tax,12,drachmas,money,O.Petr. Mus. 216,"Original Text:
1 Μεσο(ρὴ) ι̅ ὑπ(ὲρ) Χ(άρακος) ὀνό(ματος)
2 Πετε(μενώφιος) Πεκύσιο(ς) Φατρήο(υς)
3 ὑπ(ὲρ) γεω(μετρίας) (δραχμὰς) ιβ
4 ἄλ(λαι) Ἁδρια(νοῦ) η̅ ὁμο(ίως) (δραχμὰς) ιβ.

English translation:
1 Mesore 10, for Charax, in the name of
2 Petemenophis son of Pekysis, grandson of Phatres,
3 for land survey twelve drachmas.
4 Further, Hadrianos 8, likewise twelve drachmas.

Original text: Duke Databank of Documentary Papyri (DDbDP); metadata: Heidelberger
Gesamtverzeichnis der griechischen Papyrusurkunden Ägyptens (HGV); via papyri.info
(github.com/papyri/idp.data), licensed CC BY 3.0."
ATD-000131,188-190 AD,Thebes,Petemenophis son of Pekysis son of Phatres,,land tax,12,drachmas,money,O.Petr. Mus. 216,"Original Text:
1 Μεσο(ρὴ) ι̅ ὑπ(ὲρ) Χ(άρακος) ὀνό(ματος)
2 Πετε(μενώφιος) Πεκύσιο(ς) Φατρήο(υς)
3 ὑπ(ὲρ) γεω(μετρίας) (δραχμὰς) ιβ
4 ἄλ(λαι) Ἁδρια(νοῦ) η̅ ὁμο(ίως) (δραχμὰς) ιβ.

English translation:
1 Mesore 10, for Charax, in the name of
2 Petemenophis son of Pekysis, grandson of Phatres,
3 for land survey twelve drachmas.
4 Further, Hadrianos 8, likewise twelve drachmas.

Original text: Duke Databank of Documentary Papyri (DDbDP); metadata: Heidelberger
Gesamtverzeichnis der griechischen Papyrusurkunden Ägyptens (HGV); via papyri.info
(github.com/papyri/idp.data), licensed CC BY 3.0."
ATD-000132,1 Dec 165 AD (?),Thebes,Panameus son of Permamis; Psentphous son of Psenamounis,Horos,land tax,1.4286,drachmas,money,O.Petr. Mus. 217,"Original Text:
1 Ἁδρι(ανοῦ) ε̅ τοῦ ϛ (ἔτους) ὀνόμ(ατος)
2 Παναμ(έως) Περμάμιο(ς) κ(αὶ)
3 Ψεντφο(ῦτος) Ψεναμο(ύνιος) ὑπ(ὲρ) γεω(μετρίας)
4 ε (ἔτους) Χ(άρακος) ῥυπ(αρὰν) δραχ(μὴν) μίαν (τριώβολον)
5 (γίνεται) (δραχμὴ) α (τριώβολον) Ὧρο(ς) σ(εσ)η(μείωμαι).

English translation:
1 Hadrianos 5 of the 6th year, in the name of
2 Panameus son of Permamis and
3 Psentphous son of Psenamounis, for land survey
4 of the 5th year, Charax, one dirty drachma three obols,
5 total 1 dr. 3 ob. I, Horos, have signed.

Original text: Duke Databank of Documentary Papyri (DDbDP); metadata: Heidelberger
Gesamtverzeichnis der griechischen Papyrusurkunden Ägyptens (HGV); via papyri.info
(github.com/papyri/idp.data), licensed CC BY 3.0."
ATD-000133,7 Sep 216 AD,Thebes,Markos Aurelios Sarapion son of Porieuthes,Apol[...],land tax,6.2857,drachmas,money,O.Petr. Mus. 218,"Original Text:
1 Θὼθ ι̅ τοῦ κε (ἔτους) ὀν[ό(ματος)]
2 Μάρκου Αὐρηλίου Σαραπ̣[(ίωνος)]
3 Ποριεύθου ὑπ(ὲρ) γεω(μετρίας) κδ (ἔτους) (δραχμὰς) [ἓξ (διώβολον)]
4 (γίνονται) (δραχμαὶ) ϛ (διώβολον) Ἀπολ σε(σημείωμαι).

English translation:
1 Thoth 10 of the 25th year, in the name
2 of Markos Aurelios Sarapion
3 son of Porieuthes, for land survey of the 24th year [six] drachmas [two obols],
4 total 6 dr. 2 ob. I, Apol( ), have signed.

Original text: Duke Databank of Documentary Papyri (DDbDP); metadata: Heidelberger
Gesamtverzeichnis der griechischen Papyrusurkunden Ägyptens (HGV); via papyri.info
(github.com/papyri/idp.data), licensed CC BY 3.0."
ATD-000134,25 Dec 69 AD,Thebes,Tauron son of Eponychos,Eponychos,trade tax,1.1429,drachmas,money,O.Petr. Mus. 221,"Original Text:
1 κυνη(γίδων) Χά(ρακος) β (ἔτους) Αὐτοκρ(άτορος) Καίσαρος
2 Οὐεσπασιανοῦ Σεβαστοῦ Χοί(ακ) κ̅θ̅
3 Ταύρων Ἐπων̣ύχο(υ) (ὀβολοὺς) η.
4 Ἐπώνυχος σ(εσ)η(μείωμαι).

English translation:
1 (For) hunting tax (?) of Charax, year 2 of Imperator Caesar
2 Vespasianus Augustus, Choiak 29,
3 Tauron son of Eponychos, eight obols.
4 I, Eponychos, have signed.

Original text: Duke Databank of Documentary Papyri (DDbDP); metadata: Heidelberger
Gesamtverzeichnis der griechischen Papyrusurkunden Ägyptens (HGV); via papyri.info
(github.com/papyri/idp.data), licensed CC BY 3.0."
ATD-000135,4 Feb 11 BC,Thebes,Horos son of Pichos,Kephalos,poll tax,5,drachmas,money,O.Petr. Mus. 222,"Original Text:
1 διαγεγρ(άφεν) ἐπὶ τὴν Κεφά(λου) τράπ(εζαν)
2 Ὧρος Πιχῶς παστο(φόρος) λαογ(ραφίας)
3 τοῦ ιθ (ἔτους) (δραχμὰς) ε. (ἔτους) ιθ Καίσα(ρος) Μεχ(εὶρ) ι̅.

English translation:
1 Has paid to the bank of Kephalos
2 Horos son of Pichos, pastophoros, for poll tax
3 of the 19th year five drachmas. Year 19 of Caesar, Mecheir 10.

Original text: Duke Databank of Documentary Papyri (DDbDP); metadata: Heidelberger
Gesamtverzeichnis der griechischen Papyrusurkunden Ägyptens (HGV); via papyri.info
(github.com/papyri/idp.data), licensed CC BY 3.0."
ATD-000136,1-125 AD (?),Thebes,,,poll tax,,,,O.Petr. Mus. 237,"Original Text:
1 [......]ενα Ψενσε[ν...]
2 [......]λυτο(ς) ὑπ(ὲρ) λα[ο(γραφίας)] [...]
3 [...].τουκ.[...]
4 [...].[...]
5 [...]

English translation:
1 [...]ena Psense[n...]
2 [...]lytos, for p[oll tax] [...]
3 [...]
4 [...]
5 [...]

Original text: Duke Databank of Documentary Papyri (DDbDP); metadata: Heidelberger
Gesamtverzeichnis der griechischen Papyrusurkunden Ägyptens (HGV); via papyri.info
(github.com/papyri/idp.data), licensed CC BY 3.0."
ATD-000137,1-100 AD,Thebes,Nenchthmonthes son of Thoteus,,poll tax,10,drachmas,money,O.Petr. Mus. 239,"Original Text:
1 pꜣ ḥḏ n ꜥp.t Nẖt-mnt
2 διέγ̣ρα(ψε) Νενχθμώνθ(ης) Θοτεῦς ὑπ̣(ὲρ) [λαο(γραφίας)] [...] [(ἔτους) (δραχμὰς)]
3 δέκα καὶ βαλ(ανευτικοῦ) (δραχμὴν) μίαν ὀβολ(ὸν) ἡμιωβ(έλιον) (γίνονται) (δραχμαὶ) ια (ὀβολὸς) ἡμιωβ(έλιον) κ̣[αὶ προσδ(ιαγραφόμενα)]
4 [...]

English translation:
1 (Demotic) The money of the poll tax (?), Nechtmont (?).
2 Nenchthmonthes son of Thoteus has paid for [poll tax] [...] [of the year ... drachmas]
3 ten, and for bath tax one drachma one and a half obols, total 11 dr. 1 1/2 ob., a[nd the extra charges]
4 [...]

Original text: Duke Databank of Documentary Papyri (DDbDP); metadata: Heidelberger
Gesamtverzeichnis der griechischen Papyrusurkunden Ägyptens (HGV); via papyri.info
(github.com/papyri/idp.data), licensed CC BY 3.0."
ATD-000138,1-100 AD,Thebes,Nenchthmonthes son of Thoteus,,bath tax,1.2143,drachmas,money,O.Petr. Mus. 239,"Original Text:
1 pꜣ ḥḏ n ꜥp.t Nẖt-mnt
2 διέγ̣ρα(ψε) Νενχθμώνθ(ης) Θοτεῦς ὑπ̣(ὲρ) [λαο(γραφίας)] [...] [(ἔτους) (δραχμὰς)]
3 δέκα καὶ βαλ(ανευτικοῦ) (δραχμὴν) μίαν ὀβολ(ὸν) ἡμιωβ(έλιον) (γίνονται) (δραχμαὶ) ια (ὀβολὸς) ἡμιωβ(έλιον) κ̣[αὶ προσδ(ιαγραφόμενα)]
4 [...]

English translation:
1 (Demotic) The money of the poll tax (?), Nechtmont (?).
2 Nenchthmonthes son of Thoteus has paid for [poll tax] [...] [of the year ... drachmas]
3 ten, and for bath tax one drachma one and a half obols, total 11 dr. 1 1/2 ob., a[nd the extra charges]
4 [...]

Original text: Duke Databank of Documentary Papyri (DDbDP); metadata: Heidelberger
Gesamtverzeichnis der griechischen Papyrusurkunden Ägyptens (HGV); via papyri.info
(github.com/papyri/idp.data), licensed CC BY 3.0."
ATD-000139,23 Apr 134 AD,Thebes,Paoukaletis son of Pachnoumis son of Paouphtheious,Kametis,mixed,12,drachmas,money,O.Petr. Mus. 240,"Original Text:
1 Καμῆτις πράκ(τωρ) ἀργ̣(υρικῶν)
2 Παουκαλήτι Παχνούμ(ιος)
3 Παουφθειοῦτ(ος) ἔσχ(ον) ὑπ(ὲρ) λαο̣γρ(αφίας)
4 καὶ βαλ(ανευτικοῦ) Χά(ρακος) ιη (ἔτους) ῥυπ(αρὰς) δραχ(μὰς) δώδεκ(α)
5 (γίνονται) ῥυ(παραὶ) (δραχμαὶ) ιβ (ἔτους) ιη Ἁδριανοῦ
6 τοῦ κυρίου Φαρ(μοῦθι) κ̅η̅

English translation:
1 Kametis, collector of money taxes,
2 to Paoukaletis son of Pachnoumis,
3 grandson of Paouphtheious. I have received for poll tax
4 and bath tax of Charax of the 18th year twelve dirty drachmas,
5 total 12 dirty dr. Year 18 of Hadrian
6 the lord, Pharmouthi 28.

Original text: Duke Databank of Documentary Papyri (DDbDP); metadata: Heidelberger
Gesamtverzeichnis der griechischen Papyrusurkunden Ägyptens (HGV); via papyri.info
(github.com/papyri/idp.data), licensed CC BY 3.0."
ATD-000140,138-139 AD (?),Thebes,,Ailourion; Horos,mixed,6,drachmas,money,O.Petr. Mus. 241,"Original Text:
1 Αἰλουρίωv κ[αὶ Ὧρος πράκ(τορες) ἀργ(υρικῶν) Χά(ρακος)] [...]
2 ἔσχ(ομεν) ὑπ(ὲρ) λαογρ(αφίας) [καὶ βαλ(ανευτικοῦ)] [...]
3 καὶ ἄλ(λων) β̣ (ἔτους) (δραχμὰς) ἓξ [...]
4 τοῦ κυρίου [...]
5 ἄλ(λαι) κ̅θ̅ ὀνό(ματος) το̣[ῦ α(ὐτοῦ) ὑπ(ὲρ) ...]

English translation:
1 Ailourion a[nd Horos, collectors of money taxes of Charax] [...]
2 We have received for poll tax [and bath tax] [...]
3 and others of the 2nd year six drachmas [...]
4 the lord [...]
5 Further, (day) 29, in the name of the [same, for ...]

Original text: Duke Databank of Documentary Papyri (DDbDP); metadata: Heidelberger
Gesamtverzeichnis der griechischen Papyrusurkunden Ägyptens (HGV); via papyri.info
(github.com/papyri/idp.data), licensed CC BY 3.0."
ATD-000141,142-143 AD,Thebes,,,mixed,4,drachmas,money,O.Petr. Mus. 242,"Original Text:
1 [...]
1 ἄλλαι ...[...]
2 λαογρα(φίας) καὶ βαλ(ανευτικοῦ) ϛ (ἔτους) ῥυπ(αρὰς) (δραχμὰς) τέ[σσαρας] [...]

English translation:
1 [...]
1 Further [...]
2 poll tax and bath tax of the 6th year fo[ur] dirty drachmas [...]

Original text: Duke Databank of Documentary Papyri (DDbDP); metadata: Heidelberger
Gesamtverzeichnis der griechischen Papyrusurkunden Ägyptens (HGV); via papyri.info
(github.com/papyri/idp.data), licensed CC BY 3.0."
ATD-000142,141-143 AD (?),Thebes,,Dionysios,mixed,,,,O.Petr. Mus. 243,"Original Text:
1 .......λ̣ερ̣.....[...]
2 Π...σ̣[...].......[...]
3 ἔσχ ὑπ(ὲρ) λαο(γραφίας) κ̣α̣ὶ̣ [βαλ(ανευτικοῦ)] [...] [(ἔτους) ῥυπ(αρὰς)] [...]
4 δραχ(μὰς) [...] [(γίνονται) δραχ(μαὶ)] [...] [καὶ ὀνό(ματος)] [...]
5 τοῦ α(ὐτοῦ) ὁ̣μ̣(οίως) ὑπ(ὲρ) σ̣κ̣ο̣π(έλων) κ̣α̣ὶ̣ ἄ(λλων)
6 ῥυπ(αρὰς) δραχ(μὰς) ε ..[...]
7 Διονύσι[ος] [σεση(μείωμαι)] [...]
8 Χ κ̣[...]
9 ..[...]

English translation:
1 [...]
2 P...s[...] [...]
3 I have received for poll tax and [bath tax] [...] [of the year, dirty] [...]
4 drachmas [...] [total dr.] [...] [and in the name] [...]
5 of the same likewise for watchtowers and others
6 five dirty drachmas [...]
7 I, Dionysi[os, have signed] [...]
8 [...]
9 [...]

Original text: Duke Databank of Documentary Papyri (DDbDP); metadata: Heidelberger
Gesamtverzeichnis der griechischen Papyrusurkunden Ägyptens (HGV); via papyri.info
(github.com/papyri/idp.data), licensed CC BY 3.0."
ATD-000143,141-143 AD (?),Thebes,,Dionysios,mixed,5,drachmas,money,O.Petr. Mus. 243,"Original Text:
1 .......λ̣ερ̣.....[...]
2 Π...σ̣[...].......[...]
3 ἔσχ ὑπ(ὲρ) λαο(γραφίας) κ̣α̣ὶ̣ [βαλ(ανευτικοῦ)] [...] [(ἔτους) ῥυπ(αρὰς)] [...]
4 δραχ(μὰς) [...] [(γίνονται) δραχ(μαὶ)] [...] [καὶ ὀνό(ματος)] [...]
5 τοῦ α(ὐτοῦ) ὁ̣μ̣(οίως) ὑπ(ὲρ) σ̣κ̣ο̣π(έλων) κ̣α̣ὶ̣ ἄ(λλων)
6 ῥυπ(αρὰς) δραχ(μὰς) ε ..[...]
7 Διονύσι[ος] [σεση(μείωμαι)] [...]
8 Χ κ̣[...]
9 ..[...]

English translation:
1 [...]
2 P...s[...] [...]
3 I have received for poll tax and [bath tax] [...] [of the year, dirty] [...]
4 drachmas [...] [total dr.] [...] [and in the name] [...]
5 of the same likewise for watchtowers and others
6 five dirty drachmas [...]
7 I, Dionysi[os, have signed] [...]
8 [...]
9 [...]

Original text: Duke Databank of Documentary Papyri (DDbDP); metadata: Heidelberger
Gesamtverzeichnis der griechischen Papyrusurkunden Ägyptens (HGV); via papyri.info
(github.com/papyri/idp.data), licensed CC BY 3.0."
ATD-000144,2 Nov 151 AD,Thebes,Psenamounis son of Theodoros son of Phmois,Petemenophis and partners,levy,2,drachmas,money,O.Petr. Mus. 254,"Original Text:
1 Πετεμενῶ(φις) καὶ μ(έτοχοι) ἀπαιτ(ηταὶ) μερισ(μοῦ) Χά(ρακος)
2 Ψεναμο(ύνι) Θεοδώρο(υ) Φμόιτο̣(ς) ἔσχ(ομεν) ὑπ(ὲρ)
3 μερισ(μοῦ) ιδ (ἔτους) δραχ(μὰς) δύο (γίνονται) (δραχμαὶ) β (ἔτους) ιε
4 Ἀντωνίνου Καίσαρος το̣ῦ̣ κ̣[υρίου]
5 Ἁ̣θὺρ ε̅ Πετεμεν(ῶφις) δ̣ιὰ ...λλ σε̣σ̣η̣(μείωμαι)
6 [...] [...].α̣νσ̣... σεσημ(είωμαι)

English translation:
1 Petemenophis and partners, collectors of the levy of Charax,
2 to Psenamounis son of Theodoros, grandson of Phmois. We have received for
3 the levy of the 14th year two drachmas, total 2 dr. Year 15
4 of Antoninus Caesar the l[ord],
5 Hathyr 5. I, Petemenophis, through ..., have signed.
6 [...] I, ..., have signed.

Original text: Duke Databank of Documentary Papyri (DDbDP); metadata: Heidelberger
Gesamtverzeichnis der griechischen Papyrusurkunden Ägyptens (HGV); via papyri.info
(github.com/papyri/idp.data), licensed CC BY 3.0."
ATD-000145,6 Jul 134 AD,Thebes,"Horos the younger son of Psenpsais, mother Tibelphis",Krouris; Phatres,levy,2,drachmas,money,O.Petr. Mus. 256,"Original Text:
1 Κροῦρις καὶ Φατρῆς ἀπαιτη(ταὶ) μερισμ(οῦ) τελωνικ(ῶν)
2 τοῦ ιζ (ἔτους) ὑπ(ὲρ) Νό(του) ὀνόμ(ατος) Ὡρος νεωτ(έρου)
3 Ψενψάιτος μη(τρὸς) Τιβέλφιος κέ̣ρμ(ατος)
4 δραχ(μὰς) δύο. (ἔτους) ιη Ἁδριανοῦ τοῦ κυρίου
5 Φατρῆς σεσ̣η(μείωμαι). Ἐπὲφ ι̅β̅.

English translation:
1 Krouris and Phatres, collectors of the levy for tax-farms
2 of the 17th year, for Notos, in the name of Horos the younger
3 son of Psenpsais, mother Tibelphis, in small coin
4 two drachmas. Year 18 of Hadrian the lord.
5 I, Phatres, have signed. Epeiph 12.

Original text: Duke Databank of Documentary Papyri (DDbDP); metadata: Heidelberger
Gesamtverzeichnis der griechischen Papyrusurkunden Ägyptens (HGV); via papyri.info
(github.com/papyri/idp.data), licensed CC BY 3.0."
ATD-000146,20 Jul 145 AD,Thebes,Theon son of Psenamounis,Panameus and partners,levy,2.7143,drachmas,money,O.Petr. Mus. 257,"Original Text:
1 Παναμεῦς καὶ μ(έτοχοι) ἀπαιτ(ηταὶ) μερισ(μοῦ)
2 Χάρακο(ς) Θεων Ψενα̣μ̣(ούνιος).
3 ἔσχ(ομεν) ὑπ(ὲρ) μερισμ(οῦ) ἐνλ(είμματος) τελ(ωνικῶν) ζ (ἔτους)
4 δραχ(μὰς) δύο ὀβ(ολοὺς) ε (γίνονται) (δραχμαὶ) β (πεντώβολον). (ἔτους) η
5 Ἀντωνίνου Καίσαρος τοῦ κυρίου
6 Ἐ(πεὶ)φ κ̅ϛ̅.
7 ἄλ(λαι) Μεσορὴ ιγ̅ Κλεοπας
8 Βάσσου καὶ ὀνομ(ατος) Ταχ Ἡρακλείδου
9 καὶ ὀνόμ(ατος) Ἡρακλᾶ[τ]ο(ς) [Βάσσου]
10 ἔσχ(ομεν) ὑπ(ὲρ) μερισ̣[μ(οῦ)]
11 [...]..[...]
12 [...]

English translation:
1 Panameus and partners, collectors of the levy
2 of Charax, to Theon son of Psenamounis.
3 We have received for the levy for the deficit of tax-farms of the 7th year
4 two drachmas five obols, total 2 dr. 5 ob. Year 8
5 of Antoninus Caesar the lord,
6 Epeiph 26.
7 Further, Mesore 13, Kleopas
8 son of Bassos, and in the name of Tach( ) daughter of Herakleides,
9 and in the name of Heraklas son of [Bassos],
10 we have received for the le[vy]
11 [...]
12 [...]

Original text: Duke Databank of Documentary Papyri (DDbDP); metadata: Heidelberger
Gesamtverzeichnis der griechischen Papyrusurkunden Ägyptens (HGV); via papyri.info
(github.com/papyri/idp.data), licensed CC BY 3.0."
ATD-000147,6 Aug 145 AD,Thebes,Kleopas son of Bassos; Tach[...] daughter of Herakleides; Heraklas son of Bassos,Panameus and partners,levy,,,,O.Petr. Mus. 257,"Original Text:
1 Παναμεῦς καὶ μ(έτοχοι) ἀπαιτ(ηταὶ) μερισ(μοῦ)
2 Χάρακο(ς) Θεων Ψενα̣μ̣(ούνιος).
3 ἔσχ(ομεν) ὑπ(ὲρ) μερισμ(οῦ) ἐνλ(είμματος) τελ(ωνικῶν) ζ (ἔτους)
4 δραχ(μὰς) δύο ὀβ(ολοὺς) ε (γίνονται) (δραχμαὶ) β (πεντώβολον). (ἔτους) η
5 Ἀντωνίνου Καίσαρος τοῦ κυρίου
6 Ἐ(πεὶ)φ κ̅ϛ̅.
7 ἄλ(λαι) Μεσορὴ ιγ̅ Κλεοπας
8 Βάσσου καὶ ὀνομ(ατος) Ταχ Ἡρακλείδου
9 καὶ ὀνόμ(ατος) Ἡρακλᾶ[τ]ο(ς) [Βάσσου]
10 ἔσχ(ομεν) ὑπ(ὲρ) μερισ̣[μ(οῦ)]
11 [...]..[...]
12 [...]

English translation:
1 Panameus and partners, collectors of the levy
2 of Charax, to Theon son of Psenamounis.
3 We have received for the levy for the deficit of tax-farms of the 7th year
4 two drachmas five obols, total 2 dr. 5 ob. Year 8
5 of Antoninus Caesar the lord,
6 Epeiph 26.
7 Further, Mesore 13, Kleopas
8 son of Bassos, and in the name of Tach( ) daughter of Herakleides,
9 and in the name of Heraklas son of [Bassos],
10 we have received for the le[vy]
11 [...]
12 [...]

Original text: Duke Databank of Documentary Papyri (DDbDP); metadata: Heidelberger
Gesamtverzeichnis der griechischen Papyrusurkunden Ägyptens (HGV); via papyri.info
(github.com/papyri/idp.data), licensed CC BY 3.0."
ATD-000148,23 Aug 150 AD,Thebes,Kleopas son of Bassos son of Dekmos,Thoteus,levy,7,drachmas,money,O.Petr. Mus. 258,"Original Text:
1 Θοτεῦς ἀπαιτ(ητὴς) μερι(σμοῦ) ἐνλ(είμματος) τελ(ωνικῶν) Χά(ρακος) Κλεοπᾶς Βάσσου
2 Δέκμου διὰ Θεων Βάσσ̣ο̣(υ) κ̣α̣ὶ̣ Ἡ̣ρ̣ακλας ἀδελ(φός)
3 ἔσχ(ον) ὑπ(ὲρ) μερισμ(οῦ) ιβ (ἔτους) δραχ(μὰς) ἑπτὰ (γίνονται) (δραχμαὶ) ζ (ἔτους) ιγ Ἀντω(νίνου)
4 Καίσαρος τοῦ κυρίου Μεσορὴ̣ λ̣̅

English translation:
1 Thoteus, collector of the levy for the deficit of tax-farms of Charax: Kleopas son of Bassos,
2 grandson of Dekmos, through Theon son of Bassos and Heraklas (his) brother.
3 I have received for the levy of the 12th year seven drachmas, total 7 dr. Year 13 of Antoninus
4 Caesar the lord, Mesore 30.

Original text: Duke Databank of Documentary Papyri (DDbDP); metadata: Heidelberger
Gesamtverzeichnis der griechischen Papyrusurkunden Ägyptens (HGV); via papyri.info
(github.com/papyri/idp.data), licensed CC BY 3.0."
ATD-000149,41-54 AD,Thebes,Pa[...],,other,,,,O.Petr. Mus. 263,"Original Text:
1 διαγέ̣γ̣ρ̣(αφε) Π̣α̣.........
2 ὑπ(ὲρ) (πεντα)φυλίας̣ .......
3 Τιβ̣ερίο̣υ̣ Κ̣λαυδίου Καίσαρος
4 Σεβαστοῦ Γερμαν̣ικ̣ο̣ῦ̣
5 Α̣ὐτοκράτορος Π̣α̣χὼ(ν) η̅
6 ὁμοί(ως) Μ̣εσορὴ β (δραχμὰς) γ (τετρώβολον) (ἡμιωβέλιον)

English translation:
1 Has paid Pa...
2 for pentaphylia ...
3 of Tiberius Claudius Caesar
4 Augustus Germanicus
5 Imperator, Pachon 8.
6 Likewise, Mesore 2, 3 dr. 4 1/2 ob.

Original text: Duke Databank of Documentary Papyri (DDbDP); metadata: Heidelberger
Gesamtverzeichnis der griechischen Papyrusurkunden Ägyptens (HGV); via papyri.info
(github.com/papyri/idp.data), licensed CC BY 3.0."
ATD-000150,41-54 AD,Thebes,Pa[...],,other,3.6429,drachmas,money,O.Petr. Mus. 263,"Original Text:
1 διαγέ̣γ̣ρ̣(αφε) Π̣α̣.........
2 ὑπ(ὲρ) (πεντα)φυλίας̣ .......
3 Τιβ̣ερίο̣υ̣ Κ̣λαυδίου Καίσαρος
4 Σεβαστοῦ Γερμαν̣ικ̣ο̣ῦ̣
5 Α̣ὐτοκράτορος Π̣α̣χὼ(ν) η̅
6 ὁμοί(ως) Μ̣εσορὴ β (δραχμὰς) γ (τετρώβολον) (ἡμιωβέλιον)

English translation:
1 Has paid Pa...
2 for pentaphylia ...
3 of Tiberius Claudius Caesar
4 Augustus Germanicus
5 Imperator, Pachon 8.
6 Likewise, Mesore 2, 3 dr. 4 1/2 ob.

Original text: Duke Databank of Documentary Papyri (DDbDP); metadata: Heidelberger
Gesamtverzeichnis der griechischen Papyrusurkunden Ägyptens (HGV); via papyri.info
(github.com/papyri/idp.data), licensed CC BY 3.0."
ATD-000151,41-54 AD (?),Thebes,Harbechis,,other,,,,O.Petr. Mus. 264,"Original Text:
1 δια(γέγραφε) Ἁρβῆχ(ις) [...]
2 [ὑ]π(ὲρ) (πεντα)φ̣(υλίας) Ἀ̣μ̣ε̣ν̣ω .[...]
3 [τ]έσσαρας [...]
4 [...]. Τ̣ιβ̣[ερίου(?)] [...]
4 [...]

English translation:
1 Harbechis has paid [...]
2 for pentaphylia (?) Ameno.[...]
3 four [...]
4 [...] Tib[erius (?)] [...]
4 [...]

Original text: Duke Databank of Documentary Papyri (DDbDP); metadata: Heidelberger
Gesamtverzeichnis der griechischen Papyrusurkunden Ägyptens (HGV); via papyri.info
(github.com/papyri/idp.data), licensed CC BY 3.0."
ATD-000152,111-112 AD,Thebes,Hermas,Psenamounis,customs,,,,O.Petr. Mus. 265,"Original Text:
1 Ψεναμ(οῦνις) διὰ Ψανσ̣ν̣[ῶτος] [...]
2 Ερμᾷ διὰ Ψε̣νασ̣ού̣χ̣ο̣[υ] [...]
3 Κρονίου καὶ ἀδελ(φοῖς) {ἕς} ⟦χον⟧ χαίρειν̣ [ ἕσχον ὑπ(ὲρ)]
4 προθμίου Ἑρμᾶ τοῦ ιδ (ἔτους) δρα̣[χμὰς] [...]
5 (ἔτους) ιδ̣ Τραιανοῦ Καίσαρος τοῦ κυρίο̣[υ] [...]

English translation:
1 Psenamounis, through Psans[nos] [...]
2 to Hermas, through Psenasouchos [...]
3 son of Kronios, and (his) brothers, greeting. [I have received for]
4 the ferry tax of Hermas of the 14th year dra[chmas] [...]
5 Year 14 of Trajan Caesar the lord [...]

Original text: Duke Databank of Documentary Papyri (DDbDP); metadata: Heidelberger
Gesamtverzeichnis der griechischen Papyrusurkunden Ägyptens (HGV); via papyri.info
(github.com/papyri/idp.data), licensed CC BY 3.0."
ATD-000153,5 Jan 186 AD,Thebes,Karouris son of Einarois and partner,Dioskoros and partners,customs,20,drachmas,money,O.Petr. Mus. 266,"Original Text:
1 Διόσκορος καὶ μέτοχυ̣ ἐπετε
2 ρετε προθμίου Καροῦρι Εἰνα
3 ρόι̣τος καὶ μεδω̣χον χαίριν.
4 ἔσχον ὑπὲρ μενὸς ⟦Ἁ̣τ̣ρ̣ιανοῦ ⟧
5 Τῦβι ι̅ (δραχμὰς) κ̅. (ἔτους) κϛ //.

English translation:
1 Dioskoros and partners, overseers
2 of the ferry tax, to Karouris son of Einarois
3 and (his) partner, greeting.
4 I have received for the month ⟦Hadrianos⟧
5 Tybi 10, 20 dr. Year 26.

Original text: Duke Databank of Documentary Papyri (DDbDP); metadata: Heidelberger
Gesamtverzeichnis der griechischen Papyrusurkunden Ägyptens (HGV); via papyri.info
(github.com/papyri/idp.data), licensed CC BY 3.0."
ATD-000154,15 Sep 146 AD,Thebes,Apo[...] son of Epikrates,Petearoueris; Didymos,guard tax,4,drachmas,money,O.Petr. Mus. 267,"Original Text:
1 Πετεα̣ρο(υῆρις) καὶ Δίδ(υμος) πράκ(τορες) ἀργ(υρικῶν) Χ(άρακος) Ἀ̣π̣ο̣( )
2 Ἐπικ(ράτους) ἔσ̣χ(ομεν) ὑπ(ὲρ) σκο̣π(έλων) θ (ἔτους) ῥυπ(αρὰς) (δρ) δ.
3 (ἔτους) ι Θὼθ̣ ι̅η̅.

English translation:
1 Petearoueris and Didymos, collectors of money taxes of Charax, to Apo( )
2 son of Epikrates. We have received for watchtowers of the 9th year 4 dirty dr.
3 Year 10, Thoth 18.

Original text: Duke Databank of Documentary Papyri (DDbDP); metadata: Heidelberger
Gesamtverzeichnis der griechischen Papyrusurkunden Ägyptens (HGV); via papyri.info
(github.com/papyri/idp.data), licensed CC BY 3.0."
ATD-000155,6 Sep 232 AD,Thebes,Abos son of Chemtsneus,Aurelios Epikrates,other,8,drachmas,money,O.Petr. Mus. 268,"Original Text:
1 Θὼθ θ̅ τοῦ ιβ (ἔτους) ὀνό̣(ματος)
2 Ἀβῶτ̣ο̣(ς) Χεμτσ(νέως) ὑπ(ὲρ)
3 στεφ(ανικοῦ) χρή(ματος) μη̣(τρο)π(όλεως) δραχ(μὰς)
4 ὀκτὼ (γίνονται) (δραχμαὶ) η̅. Α(ὐρήλιος) Ἐπικ(ράτης) σ(εσ)η(μείωμαι).

English translation:
1 Thoth 9 of the 12th year, in the name
2 of Abos son of Chemtsneus, for
3 the crown tax of the metropolis eight
4 drachmas, total 8 dr. I, Aurelios Epikrates, have signed.

Original text: Duke Databank of Documentary Papyri (DDbDP); metadata: Heidelberger
Gesamtverzeichnis der griechischen Papyrusurkunden Ägyptens (HGV); via papyri.info
(github.com/papyri/idp.data), licensed CC BY 3.0."
ATD-000156,24 Jan 113 AD,Thebes,Kabis son of Panechathis,Psenmonthes and partners,sales tax,,,,O.Petr. Mus. 269,"Original Text:
1 Ψενμώ̣νθε καὶ μέτοχ(οι)
2 τελ(ῶναι) ἀγορ(ανο)μ(ίας) ὠνίων
3 Κάβει Πανεχάθιος
4 χαίρειν ἀπέχομεν
5 ὑπ(ὲρ) τέλ(ους) Τύβει \γ́/ τοῦ
6 ιϛ (ἔτους) Τραιανοῦ Καίσαρος
7 τοῦ κυκυρίου
8 Τύβει κ̅θ̅.

English translation:
1 Psenmonthes and partners,
2 tax farmers of the agoranomia on sales,
3 to Kabis son of Panechathis,
4 greeting. We have received
5 for the tax of Tybi 3 of the
6 16th year of Trajan Caesar
7 the lo-lord,
8 Tybi 29.

Original text: Duke Databank of Documentary Papyri (DDbDP); metadata: Heidelberger
Gesamtverzeichnis der griechischen Papyrusurkunden Ägyptens (HGV); via papyri.info
(github.com/papyri/idp.data), licensed CC BY 3.0."
ATD-000157,25 Nov 128 AD,Thebes,Bassos son of Psenamounis,Theon and partners,sales tax,64,drachmas,money,O.Petr. Mus. 270,"Original Text:
1 Θέω̣ν κ(αὶ) μ(έτοχοι) πράκ(τορες) ἀργυ(ρικῶν) μη̣τ̣(ροπόλεως)
2 Βάσσῳ Ψεναμο̣(ύνιος). ἔσχ(ομεν)
3 ὑπ(ὲρ) τέλο(υς) ἀγο(ρανο)μ(ίας) ὠ̣ν̣ί̣ω̣(ν) μηνὸ(ς) Ἁθὺρ
4 το̣ῦ ιγ (ἔτους) Ἁδρι̣α̣ν̣ο̣ῦ το(ῦ) κυ̣(ρίου) δραχ(μὰς)
5 ἑξηκο̣ντατέσσαρες
6 (γίνονται) (δραχμαὶ) ξδ. (ἔτους) ιγ Ἁδρια̣ν̣ο̣ῦ̣ το(ῦ) κυ(ρίου)
7 Ἁθὺρ κ̅θ̅ σεση(μείωμαι).

English translation:
1 Theon and partners, collectors of money taxes of the metropolis,
2 to Bassos son of Psenamounis. We have received
3 for the agoranomia tax on goods for sale of the month Hathyr
4 of the 13th year of Hadrian the lord, drachmas
5 sixty-four,
6 total 64 dr. Year 13 of Hadrian the lord,
7 Hathyr 29. I have signed.

Original text: Duke Databank of Documentary Papyri (DDbDP); metadata: Heidelberger
Gesamtverzeichnis der griechischen Papyrusurkunden Ägyptens (HGV); via papyri.info
(github.com/papyri/idp.data), licensed CC BY 3.0."
ATD-000158,176-200 AD,Thebes,Imouthes,Herak[...],sales tax,4.4286,drachmas,money,O.Petr. Mus. 271,"Original Text:
1 Μεσ(ορὴ) κε [...]
2 ὀνό(ματος) Ἰμούθου
3 Ἀπ̣[ο]λλῶς ὑπ(ὲρ) τέ̣(λους) ἀγ(ο)ρα(νομίας)
4 ὠνίων (δραχμὰς) τέσσαρες̣
5 (τριώβολον). (γίνονται) (δραχμαὶ) δ (τριώβολον). Ἡ̣ρακ σ̣ε̣ση(μείωμαι).

English translation:
1 Mesore 25 [...]
2 in the name of Imouthes,
3 Apollos, for the agoranomia tax
4 on goods for sale, four drachmas
5 three obols, total 4 dr. 3 ob. I, Herak(...), have signed.

Original text: Duke Databank of Documentary Papyri (DDbDP); metadata: Heidelberger
Gesamtverzeichnis der griechischen Papyrusurkunden Ägyptens (HGV); via papyri.info
(github.com/papyri/idp.data), licensed CC BY 3.0."
ATD-000159,27 Nov-26 Dec 14 AD,Thebes,,Asklas,trade tax,,,,O.Petr. Mus. 272,"Original Text:
1 Ἀσκλᾶς τελώ(νης) γερδ̣(ίων) .[...]
2 χα(ίρειν) ἀπέχω̣ τὸ τέλος τοῦ Ἁθὺ̣[ρ ...]
3 (ἔτους) α Τιβερίου Καίσαρος Σεβ̣[αστοῦ ...]
4 ἔγρ(αψα) `Πετεμενῶφ(ις)´ Πελαί̣[ου ...]
5 Χοίαχ Χ

English translation:
1 Asklas, tax farmer of the weavers' tax, [to ...]
2 greeting. I have received the tax of Hathyr [...]
3 of the 1st year of Tiberius Caesar Augustus [...]
4 I, Petemenophis son of Pelaias, wrote [...]
5 Choiak [...]

Original text: Duke Databank of Documentary Papyri (DDbDP); metadata: Heidelberger
Gesamtverzeichnis der griechischen Papyrusurkunden Ägyptens (HGV); via papyri.info
(github.com/papyri/idp.data), licensed CC BY 3.0."
ATD-000160,28 Oct-26 Nov 180 AD,Thebes,Petechon son of Psenmonthes,Tithoes son of Peteminis and partners,trade tax,,,,O.Petr. Mus. 274,"Original Text:
1 Τιθοῆς̣ Π̣ε
2 τεμίνιος καὶ
3 μέτο̣χ(οι) ἐπ̣ι̣τηρη̣τ(αὶ)
4 τέλο̣(υς) η̣ πητῶν Πε
5 τεχῶντος Ψεν̣μ̣ώνθ̣(ου)
6 ... χα(ίρειν). ἐ̣σ̣χή̣κ(αμεν) παρὰ σ̣ο̣ῦ̣
7 ὑπ(ὲρ) Θὼθ κ̣α̣ὶ̣ Φα̣ῶ̣φι
8 το̣ῦ̣ κα (ἔτους) ......
9 (ἔτους) κα Αὐρη̣λίου
10 Κομμόδου Ἀντων̣ί̣ν̣ο̣υ̣
11 Καίσαρος τοῦ κ̣υ̣ρ̣ί̣ο̣υ̣
12 Ἁθὺρ .̅.

English translation:
1 Tithoes son of Pe-
2 teminis and
3 partners, supervisors
4 of the menders' tax, to Pe-
5 techon son of Psenmonthes,
6 [...] greeting. We have received from you
7 for Thoth and Phaophi
8 of the 21st year [...]
9 Year 21 of Aurelius
10 Commodus Antoninus
11 Caesar the lord,
12 Hathyr [...]

Original text: Duke Databank of Documentary Papyri (DDbDP); metadata: Heidelberger
Gesamtverzeichnis der griechischen Papyrusurkunden Ägyptens (HGV); via papyri.info
(github.com/papyri/idp.data), licensed CC BY 3.0."
ATD-000161,29 Oct-27 Nov 159 AD (?),Thebes,Senamphiomis,Petosiris and partners,burial tax,2,drachmas,money,O.Petr. Mus. 275,"Original Text:
1 Πετοσῖρις κα̣ὶ̣ μ(έτοχοι) τελ(ῶναι) ἱμα
2 τιοπολῶν Σεναμφιῶ
3 μις. ἔχο(μεν) παρὰ σ(οῦ) ὑπὲρ
4 τέλ(ους) ταφῆς α̅ ( δραχμὰς) β.
5 (ἔτους) κγ Ἀν̣τ̣ω(νίνου) Κα̣ί̣σ̣αρος̣
6 τοῦ κυρίου Ἀθ̣ύ̣ρ̣ .̅
7 σ̣ε̣(σημείωμαι).

English translation:
1 Petosiris and partners, tax farmers of the
2 clothes-sellers, to Senamphio-
3 mis. We have from you for
4 the burial tax of 1, 2 drachmas.
5 Year 23 of Antoninus Caesar
6 the lord, Hathyr [...]
7 I have signed.

Original text: Duke Databank of Documentary Papyri (DDbDP); metadata: Heidelberger
Gesamtverzeichnis der griechischen Papyrusurkunden Ägyptens (HGV); via papyri.info
(github.com/papyri/idp.data), licensed CC BY 3.0."
ATD-000162,19 Mar 192 AD,Thebes,Termamis daughter of Horos,Psenesoueris and partners,burial tax,2,drachmas,money,O.Petr. Mus. 276,"Original Text:
1 Ψενεσο(υῆρις) κ(αὶ) μ(έτοχοι) ἐπιτηρητ(αὶ) τέλ(ους)
2 ἱματιοπολ(ῶν) Τερμάμι̣ς̣
3 Ὥρου. ἔσχ(ομεν) παρὰ σο(ῦ) ὑπ(ὲρ) τα
4 φῆς Πετεμ ἀνδρὸς
5 (δραχμὰς) β (ἔτους) λβ Φαμ(ενώθ) κ̅γ̅.

English translation:
1 Psenesoueris and partners, supervisors of the tax
2 of the clothes-sellers, to Termamis
3 daughter of Horos. We have received from you for the bu-
4 rial of Petem(...), your husband,
5 2 dr. Year 32, Phamenoth 23.

Original text: Duke Databank of Documentary Papyri (DDbDP); metadata: Heidelberger
Gesamtverzeichnis der griechischen Papyrusurkunden Ägyptens (HGV); via papyri.info
(github.com/papyri/idp.data), licensed CC BY 3.0."
ATD-000163,27 Sep 45 AD,Thebes,Petechonsis son of Psenamounis,Imouthes son of Pikos and partners,other,,,,O.Petr. Mus. 277,"Original Text:
1 Ἰμούθ(ης) Πικ(ῶτος) καὶ μέτοχ(οι) Πετεχ(ώνσει)
2 Ψεναμούνιος χα(ίρειν). ἀπέ
3 χομεν τὸ τέλος Θὼθ
4 (ἔτους) ϛ̅ Τιβερίου Κλαυδ(ίου)
5 Καίσαρος Σεβαστοῦ
6 Γερμανικοῦ Αὐτοκράτορ(ος)
7 οἱμοίως δραχμάς.

English translation:
1 Imouthes son of Pikos and partners to Petechonsis
2 son of Psenamounis, greeting. We have re-
3 ceived the tax of Thoth
4 of the 6th year of Tiberius Claudius
5 Caesar Augustus
6 Germanicus Imperator,
7 likewise drachmas.

Original text: Duke Databank of Documentary Papyri (DDbDP); metadata: Heidelberger
Gesamtverzeichnis der griechischen Papyrusurkunden Ägyptens (HGV); via papyri.info
(github.com/papyri/idp.data), licensed CC BY 3.0."
ATD-000164,1 Mar 112 AD,Thebes,Kametis,Petemenophis son of Petemenophis,other,,,,O.Petr. Mus. 278,"Original Text:
1 [...]
1 Καίσαρος τ̣[οῦ κυρίου ...]
2 Καμήτιο(ς) χαίρειν. ἀ̣[πέχομεν] [...]
3 παρὰ σο(ῦ) τέλ(ος) Τ̣ῦ̣β̣(ι) κ̣αὶ Μεχεὶρ
4 τοῦ α(ὐτοῦ) ιε (ἔτους) Τραιανοῦ τοῦ κυρίου
5 Φαμε(νὼθ) ε̅.
6 ἔγρα(ψα) Πετεμε(νῶφις) Πετεμ̣ε(νώφιος).

English translation:
1 [...]
1 Caesar [the lord ...]
2 to Kametis, greeting. We [have received] [...]
3 from you the tax of Tybi and Mecheir
4 of the same 15th year of Trajan the lord.
5 Phamenoth 5.
6 I, Petemenophis son of Petemenophis, wrote.

Original text: Duke Databank of Documentary Papyri (DDbDP); metadata: Heidelberger
Gesamtverzeichnis der griechischen Papyrusurkunden Ägyptens (HGV); via papyri.info
(github.com/papyri/idp.data), licensed CC BY 3.0."
ATD-000165,206-207 AD (?),Thebes,,,crop tax,2,drachmas,money,O.Petr. Mus. 279,"Original Text:
1 ιε// Φαρμ̣[οῦθι ̅.̅.̅.̅]̅[ ὀνό(ματος) Χ ὑπ(ὲρ) τιμῆς]
2 λαχά[νου] [δραχμὰς δύο] [(γίνονται)]
3 (δραχμαὶ) β [...]
4 σεσ̣[η(μείωμαι)] [...]

English translation:
1 15th year, Pharmouthi [..., in the name of X, for the price]
2 of vegeta[bles] [two drachmas] [total]
3 2 dr. [...]
4 [I have] sig[ned] [...]

Original text: Duke Databank of Documentary Papyri (DDbDP); metadata: Heidelberger
Gesamtverzeichnis der griechischen Papyrusurkunden Ägyptens (HGV); via papyri.info
(github.com/papyri/idp.data), licensed CC BY 3.0."
ATD-000166,4 Nov 50 AD,Thebes,Psenchonsis son of Chesthotes,Bassos son of Dekmos,crop tax,8,drachmas,money,O.Petr. Mus. 280,"Original Text:
1 διαγεγρά(φηκεν) Ψενχῶνσις Χεσθώτ(ου)
2 ὑπ(ὲρ) τιμῆ(ς) πυροῦ γενή(ματος) ι (ἔτους) ἀργυρίου
3 ῥυπαρο(ῦ) δραχμ(ὰς) ὀκτὼι (γίνονται) (δραχμαὶ) η. (ἔτους) ια
4 Τιβερίου Κλαυδίου Καίσαρος Σ̣ε̣
5 βαστοῦ Γερμανικοῦ Αὐτοκρά(τορος)
6 Φαῶφι λ̅η̅. Βάσσο(ς) Δέκ(μου).

English translation:
1 Psenchonsis son of Chesthotes has paid
2 for the price of wheat of the crop of the 10th year, in silver
3 dirty, eight drachmas, total 8 dr. Year 11
4 of Tiberius Claudius Caesar Au-
5 gustus Germanicus Imperator,
6 Phaophi 38. Bassos son of Dekmos.

Original text: Duke Databank of Documentary Papyri (DDbDP); metadata: Heidelberger
Gesamtverzeichnis der griechischen Papyrusurkunden Ägyptens (HGV); via papyri.info
(github.com/papyri/idp.data), licensed CC BY 3.0."
ATD-000167,5 Oct 136 AD,Thebes,[...] son of Pakoibis,[...] and partners,crop tax,8,drachmas,money,O.Petr. Mus. 288,"Original Text:
1 [...] καὶ μέτοχ(οι) ἐπιτη(ρηταὶ)
2 [...]..χ.... Πακοίβιος
3 [...] ὑπ(ὲρ) τιμῆς φοι(νίκων) γενή(ματος) κ (ἔτους) (δραχμὰς) η
4 [...] (ἔτους) κα̣ Ἁδρια̣ν̣ο̣ῦ̣ Κα̣ί̣σ̣α̣ρ̣ο̣ς̣
5 [τ]οῦ κυρίου Φαῶ(φι) η̅.

English translation:
1 [...] and partners, supervisors,
2 [...] son of Pakoibis
3 [...] for the price of dates of the crop of the 20th year 8 dr.
4 [...] Year 21 of Hadrian Caesar
5 the lord, Phaophi 8.

Original text: Duke Databank of Documentary Papyri (DDbDP); metadata: Heidelberger
Gesamtverzeichnis der griechischen Papyrusurkunden Ägyptens (HGV); via papyri.info
(github.com/papyri/idp.data), licensed CC BY 3.0."
ATD-000168,29 Dec 148 AD,Thebes,Ammonios son of Ammonios,Kephalos,mixed,2.5714,drachmas,money,O.Petr. Mus. 289,"Original Text:
1 διέγρ(αψεν) Ἀμμώ(νιος) ὁμ(οίως) ὑπ(ὲρ) διώ(ρυγος) βασιλ̣[(ικῆς)]
2 καὶ Γυναικ(ῶν) εἰς ἀρίθ(μησιν) μηνὸς
3 Ἁδριανοῦ δραχ(μὰς) δύο (τετρώβολον)
4 (γίνονται) (δραχμαὶ) β (τετρώβολον). (ἔτους) ιβ Ἀντωνίνου
5 Καίσαρος τοῦ κυρίου
6 Τῦβ(ι) γ̅. Κ̅έ̅φ̅α̅(̅λ̅ο̅ς̅)̅

English translation:
1 Ammonios son of Ammonios has paid for the royal canal
2 and (the canal) of the Women, for the accounting of the month
3 Hadrianos, two drachmas four obols,
4 total 2 dr. 4 ob. Year 12 of Antoninus
5 Caesar the lord,
6 Tybi 3. Kephalos.

Original text: Duke Databank of Documentary Papyri (DDbDP); metadata: Heidelberger
Gesamtverzeichnis der griechischen Papyrusurkunden Ägyptens (HGV); via papyri.info
(github.com/papyri/idp.data), licensed CC BY 3.0."
ATD-000169,15 Aug 15 BC,Thebes,Oukatios Alexis,Kephalos,land tax,5.5714,drachmas,money,O.Petr. Mus. 290,"Original Text:
1 Ο̣ὐκάτιος Ἄλεξις κουρε(ὺς)
2 {τέτακ(ται)} τέτακ(ται) ὑπ(ὲρ) ιε (ἔτους) φοι(νικῶνων) δ λβ
3 (δραχμὰς) ε (τετρώβολον). (ἔτους) ιε Καίσα(ρος) Μεσ(ορὴ) κ̅α̅.
4 Κέφα(λος) τρ(α)π(εζίτης).

English translation:
1 Oukatios Alexis, barber,
2 {has been registered} has been registered for the 15th year for palm groves 1/4 1/32,
3 5 dr. 4 ob. Year 15 of Caesar, Mesore 21.
4 Kephalos, banker.

Original text: Duke Databank of Documentary Papyri (DDbDP); metadata: Heidelberger
Gesamtverzeichnis der griechischen Papyrusurkunden Ägyptens (HGV); via papyri.info
(github.com/papyri/idp.data), licensed CC BY 3.0."
ATD-000170,6 Sep 44 AD,Thebes,Hermias son of Zoeilos,,land tax,1.7143,drachmas,money,O.Petr. Mus. 291,"Original Text:
1 δια(γεγράφηκεν) Ἑρμίας Ζωείλ(ου) ὑπ(ὲρ) φοι(νικώνων) δ (ἔτους)
2 ιϛ λβ (δραχμὴν) α (πεντώβολον) καὶ προσδ(ιαγραφόμενα) ἐξ (ὀβολοῦ) (ἡμιωβελίου). (ἔτους) ε
3 Τιβερίου Κλαυδίου Καίσαρος Σε̣β̣α̣σ̣(τοῦ)
4 Γερμανικοῦ Αὐτοκράτορος μη(νὸς)
5 Σ̣εβασ(τοῦ) θ̅ Α̣ο̣η̣.θ̣ι(ς) σεση(μείωμαι).

English translation:
1 Hermias son of Zoeilos has paid for palm groves of the 4th year,
2 1/16 1/32, 1 dr. 5 ob., and the additional charges at (?) 1 1/2 ob. Year 5
3 of Tiberius Claudius Caesar Augustus
4 Germanicus Imperator, month
5 Sebastos 9. I, [...], have signed.

Original text: Duke Databank of Documentary Papyri (DDbDP); metadata: Heidelberger
Gesamtverzeichnis der griechischen Papyrusurkunden Ägyptens (HGV); via papyri.info
(github.com/papyri/idp.data), licensed CC BY 3.0."
ATD-000171,5 Nov 58 AD,Thebes,Pamonthes son of Nechthauis,Apion,land tax,2.1429,drachmas,money,O.Petr. Mus. 292,"Original Text:
1 διέγρα(ψεν) Παμώνθ(ης) Νε̣χθ̣αῦ̣ις
2 ὑπ(ὲρ) φοι(νικώνων) δ (ἔτους) φοι(νικώνων) ι̅ϛ̅ λ̅β̅ ξ̅δ̅ (δραχμὰς) δύο ὀβολ(ὸν)
3 (γίνονται) (δραχμαὶ) β (ὀβολὸς) καὶ τ(ούτ)ω(ν) προ(σδιαγραφόμενα) (ἔτους) ε Νέρωνος
4 Κλαυδίου Καίσαρος Σεβαστοῦ
5 Γερμανικοῦ Αὐτοκράτορος
6 μη(νὸς) Νέ(ου) Σεβα(στοῦ) θ̅ Ἀπίω(ν) σ(εσ)η(μείωμαι)

English translation:
1 Pamonthes son of Nechthauis has paid
2 for palm groves of the 4th year, palm groves 1/16 1/32 1/64, two drachmas one obol,
3 total 2 dr. 1 ob., and the additional charges on these. Year 5 of Nero
4 Claudius Caesar Augustus
5 Germanicus Imperator,
6 month Neos Sebastos 9. I, Apion, have signed.

Original text: Duke Databank of Documentary Papyri (DDbDP); metadata: Heidelberger
Gesamtverzeichnis der griechischen Papyrusurkunden Ägyptens (HGV); via papyri.info
(github.com/papyri/idp.data), licensed CC BY 3.0."
ATD-000172,10 Mar 247 AD,Thebes,heirs of Paniskos son of Ammonios,Aurelios Dorion,mixed,4,drachmas,money,O.Petr. Mus. 293,"Original Text:
1 διέγρα(ψαν) Φαμ̣(ενὼθ) ι̅δ̅ τοῦ δ (ἔτους)
2 κληρο(νόμοι) Πανί(σκου) υἱ(οῦ) Ἀμμω(νίου)
3 ὑπ(ὲρ) φόρων ἱερο(ῦ) ἀποτάκ(του) κ(αὶ) ἄ(λλων) λη(μμάτων) δ (ἔτους)
4 δραχ(μὰς) τέσσαρας (γίνονται) (δραχμαὶ) δ Αὐ(ρήλιος) Δωρί(ων) σε(σημείωμαι).

English translation:
1 Have paid on Phamenoth 14 of the 4th year
2 the heirs of Paniskos son of Ammonios
3 for the fixed dues of sacred (land) and other receipts of the 4th year
4 four drachmas, total 4 dr. I, Aurelios Dorion, have signed.

Original text: Duke Databank of Documentary Papyri (DDbDP); metadata: Heidelberger
Gesamtverzeichnis der griechischen Papyrusurkunden Ägyptens (HGV); via papyri.info
(github.com/papyri/idp.data), licensed CC BY 3.0."
ATD-000173,26 Dec 10 AD,Thebes,Snachomneus son of Petemonthes,,animal tax,,,,O.Petr. Mus. 294,"Original Text:
1 Σναχο̣μν(εῦς) Πετεμώ(νθου) τοῦ
2 Χοιὰχ προβ(άτων) ιε μ (ἔτους)
3 Καίσαρος Χοιὰχ λ̅.

English translation:
1 Snachomneus son of Petemonthes, for
2 Choiak, sheep 15, year 40
3 of Caesar, Choiak 30.

Original text: Duke Databank of Documentary Papyri (DDbDP); metadata: Heidelberger
Gesamtverzeichnis der griechischen Papyrusurkunden Ägyptens (HGV); via papyri.info
(github.com/papyri/idp.data), licensed CC BY 3.0."
ATD-000174,27 Sep 80 AD,Thebes,Phares son of Petechnoubis,,dike tax,,,,O.Petr. Mus. 302,"Original Text:
1 διέγ̣ρ̣(αψε) Φαρ[ῆς Πετεχνο(ύβιος)] [...]
2 ὑπ(ὲρ) χω(ματικοῦ) Χά(ρακος) β [(ἔτους)] [...]
3 (ἔτους) γ Τίτου τοῦ κ[υρίου μηνὸς]
4 Σεβαστοῦ λ̅ .[...]

English translation:
1 Pha[res son of Petechnoubis] has paid [...]
2 for the dike tax of Charax of the 2nd [year] [...]
3 Year 3 of Titus the l[ord, month]
4 Sebastos 30 [...]

Original text: Duke Databank of Documentary Papyri (DDbDP); metadata: Heidelberger
Gesamtverzeichnis der griechischen Papyrusurkunden Ägyptens (HGV); via papyri.info
(github.com/papyri/idp.data), licensed CC BY 3.0."
ATD-000175,27 Jul 113 AD,Thebes,Pikos son of Apollodoros son of Pikos,Imouthes and partners,dike tax,7.5714,drachmas,money,O.Petr. Mus. 305,"Original Text:
1 Ἰμο̣ύθη(ς) καὶ μέτοχ(οι) πράκ(τορες) Πικῶς
2 (δευτέρῳ) Ἀπολλωδ(ώρου) Πικῶς ἔσχ(ομεν) ὑπ(ὲρ)
3 χω(ματικοῦ) Ἀγο(ρῶν) Βο(ρρᾶ) ιϛ (ἔτους) ῥυ(παρὰς) (δραχμὰς) ἑπτὰ (τετρώβολον) (γίνονται) ῥυ(παραὶ) (δραχμαὶ) ζ (τετρώβολον).
4 (ἔτους) ιϛ Τραι̣α̣ν̣ο̣ῦ̣ τοῦ κ(υρίου) Ἐπε̣ὶ̣φ λ̅γ̅. Αρ̣ σ(εσ)η(μείωμαι).

English translation:
1 Imouthes and partners, collectors, to Pikos
2 the second, son of Apollodoros, grandson of Pikos. We have received for
3 the dike tax of Agorai Borra of the 16th year, seven dirty drachmas four obols, total 7 dirty dr. 4 ob.
4 Year 16 of Trajan the lord, Epeiph 33. I, Ar(...), have signed.

Original text: Duke Databank of Documentary Papyri (DDbDP); metadata: Heidelberger
Gesamtverzeichnis der griechischen Papyrusurkunden Ägyptens (HGV); via papyri.info
(github.com/papyri/idp.data), licensed CC BY 3.0."
ATD-000176,1 Oct 38 AD,Thebes,Psenamounis son of Chesthotes,Petemenophis,dike tax,5.2857,drachmas,money,O.Petr. Mus. 307,"Original Text:
1 διαγέγρα(φεν) Ψεναμο(ῦνις) Χεσθώτ(ου) ὑπ(ὲρ)
2 χω(ματικοῦ) β (ἔτους) (δραχμὰς) πέντε δυόβο̣λ(ον) καὶ βαλ(ανευτικοῦ) τετρόβ(ολον) (ἡμιωβέλιον)
3 (γίνονται) (δραχμαὶ) ϛ (ἡμιωβέλιον) καὶ προσ(διαγραφόμενα) ἐξ (ὀβολοῦ) (ἡμιωβελίου) (ἔτους) γ Γαίου
4 Καίσαρος Σεβαστοῦ Γερμανικοῦ
5 Σεβαστοῦ λ̅δ̅ Πε(τεμενῶφις) τ̣ρα(πεζίτης)

English translation:
1 Psenamounis son of Chesthotes has paid for
2 the dike tax of the 2nd year five drachmas two obols, and for the bath tax four obols one half-obol,
3 total 6 dr. 1/2 ob., and the additional charges at (?) 1 1/2 ob. Year 3 of Gaius
4 Caesar Augustus Germanicus,
5 Sebastos 34. Petemenophis, banker.

Original text: Duke Databank of Documentary Papyri (DDbDP); metadata: Heidelberger
Gesamtverzeichnis der griechischen Papyrusurkunden Ägyptens (HGV); via papyri.info
(github.com/papyri/idp.data), licensed CC BY 3.0."
ATD-000177,1 Oct 38 AD,Thebes,Psenamounis son of Chesthotes,Petemenophis,bath tax,0.6429,drachmas,money,O.Petr. Mus. 307,"Original Text:
1 διαγέγρα(φεν) Ψεναμο(ῦνις) Χεσθώτ(ου) ὑπ(ὲρ)
2 χω(ματικοῦ) β (ἔτους) (δραχμὰς) πέντε δυόβο̣λ(ον) καὶ βαλ(ανευτικοῦ) τετρόβ(ολον) (ἡμιωβέλιον)
3 (γίνονται) (δραχμαὶ) ϛ (ἡμιωβέλιον) καὶ προσ(διαγραφόμενα) ἐξ (ὀβολοῦ) (ἡμιωβελίου) (ἔτους) γ Γαίου
4 Καίσαρος Σεβαστοῦ Γερμανικοῦ
5 Σεβαστοῦ λ̅δ̅ Πε(τεμενῶφις) τ̣ρα(πεζίτης)

English translation:
1 Psenamounis son of Chesthotes has paid for
2 the dike tax of the 2nd year five drachmas two obols, and for the bath tax four obols one half-obol,
3 total 6 dr. 1/2 ob., and the additional charges at (?) 1 1/2 ob. Year 3 of Gaius
4 Caesar Augustus Germanicus,
5 Sebastos 34. Petemenophis, banker.

Original text: Duke Databank of Documentary Papyri (DDbDP); metadata: Heidelberger
Gesamtverzeichnis der griechischen Papyrusurkunden Ägyptens (HGV); via papyri.info
(github.com/papyri/idp.data), licensed CC BY 3.0."
ATD-000178,27 Nov 40 AD,Thebes,Pikos son of Patechonsis,,dike tax,6.5714,drachmas,money,O.Petr. Mus. 308,"Original Text:
1 διέγρα(ψεν) Πικῶς Πατεχώ(νσιος) ὑπ(ὲρ) χω(ματικοῦ) δ (ἔτους) (δραχμὰς) ἓξ τε
2 τροβλ(ον) καὶ βαλ(ανικοῦ) τε
2 τροβλ(ον) (ἡμιωβέλιον) (γίνονται) (δραχμαὶ) ζ (ὀβολοὶ) β 𐅵 καὶ προσδ(ιαγραφόμενα) ἐ[ξ]
3 (ὀβολοῦ) α 𐅵. (ἔτους) ε Γαίου Καίσαρος Αὐτοκράτορος
4 Σεβαστοῦ, Νέ(ου) Σεβαστοῦ λ‡7α. ...( )
5 ...

English translation:
1 Pikos son of Patechonsis has paid for the dike tax of the 4th year six drachmas four
2 obols and for the bath tax four
2 obols one half-obol, total 7 dr. 2 1/2 ob., and the additional charges at (?)
3 1 1/2 ob. Year 5 of Gaius Caesar Imperator
4 Augustus, Neos Sebastos 31. [...]
5 [...]

Original text: Duke Databank of Documentary Papyri (DDbDP); metadata: Heidelberger
Gesamtverzeichnis der griechischen Papyrusurkunden Ägyptens (HGV); via papyri.info
(github.com/papyri/idp.data), licensed CC BY 3.0."
ATD-000179,27 Nov 40 AD,Thebes,Pikos son of Patechonsis,,bath tax,0.6429,drachmas,money,O.Petr. Mus. 308,"Original Text:
1 διέγρα(ψεν) Πικῶς Πατεχώ(νσιος) ὑπ(ὲρ) χω(ματικοῦ) δ (ἔτους) (δραχμὰς) ἓξ τε
2 τροβλ(ον) καὶ βαλ(ανικοῦ) τε
2 τροβλ(ον) (ἡμιωβέλιον) (γίνονται) (δραχμαὶ) ζ (ὀβολοὶ) β 𐅵 καὶ προσδ(ιαγραφόμενα) ἐ[ξ]
3 (ὀβολοῦ) α 𐅵. (ἔτους) ε Γαίου Καίσαρος Αὐτοκράτορος
4 Σεβαστοῦ, Νέ(ου) Σεβαστοῦ λ‡7α. ...( )
5 ...

English translation:
1 Pikos son of Patechonsis has paid for the dike tax of the 4th year six drachmas four
2 obols and for the bath tax four
2 obols one half-obol, total 7 dr. 2 1/2 ob., and the additional charges at (?)
3 1 1/2 ob. Year 5 of Gaius Caesar Imperator
4 Augustus, Neos Sebastos 31. [...]
5 [...]

Original text: Duke Databank of Documentary Papyri (DDbDP); metadata: Heidelberger
Gesamtverzeichnis der griechischen Papyrusurkunden Ägyptens (HGV); via papyri.info
(github.com/papyri/idp.data), licensed CC BY 3.0."
ATD-000180,38-43 AD (?),Thebes,Ptolis son of Psenenouphis,,dike tax,6.5714,drachmas,money,O.Petr. Mus. 309,"Original Text:
1 διέγρ(αψεν) Πτόλις Ψ̣[ενενούφιος ὑπ(ὲρ)]
2 χω(ματικοῦ) β (ἔτους) ἓξ τε̣[τρώβολ(ον) καὶ βαλ(ανευτικοῦ) τετρώβολ(ον) (ἡμιωβέλιον)]
3 (γίνονται) (δραχμαὶ) ζ (διώβολον) (ἡμιωβέλιον) κ[αὶ προσδ(ιαγραφόμενα) (ἔτους) ...]
4 .[...]
5 [...]

English translation:
1 Ptolis son of Ps[enenouphis] has paid [for]
2 the dike tax of the 2nd year six (dr.) four [obols and for the bath tax four obols one half-obol],
3 total 7 dr. 2 1/2 ob., a[nd the additional charges. Year ...]
4 [...]
5 [...]

Original text: Duke Databank of Documentary Papyri (DDbDP); metadata: Heidelberger
Gesamtverzeichnis der griechischen Papyrusurkunden Ägyptens (HGV); via papyri.info
(github.com/papyri/idp.data), licensed CC BY 3.0."
ATD-000181,38-43 AD (?),Thebes,Ptolis son of Psenenouphis,,bath tax,0.6429,drachmas,money,O.Petr. Mus. 309,"Original Text:
1 διέγρ(αψεν) Πτόλις Ψ̣[ενενούφιος ὑπ(ὲρ)]
2 χω(ματικοῦ) β (ἔτους) ἓξ τε̣[τρώβολ(ον) καὶ βαλ(ανευτικοῦ) τετρώβολ(ον) (ἡμιωβέλιον)]
3 (γίνονται) (δραχμαὶ) ζ (διώβολον) (ἡμιωβέλιον) κ[αὶ προσδ(ιαγραφόμενα) (ἔτους) ...]
4 .[...]
5 [...]

English translation:
1 Ptolis son of Ps[enenouphis] has paid [for]
2 the dike tax of the 2nd year six (dr.) four [obols and for the bath tax four obols one half-obol],
3 total 7 dr. 2 1/2 ob., a[nd the additional charges. Year ...]
4 [...]
5 [...]

Original text: Duke Databank of Documentary Papyri (DDbDP); metadata: Heidelberger
Gesamtverzeichnis der griechischen Papyrusurkunden Ägyptens (HGV); via papyri.info
(github.com/papyri/idp.data), licensed CC BY 3.0."
ATD-000182,30 Jul 82 AD,Thebes,Germanos son of Menephron,Apoll[...] son of Apion,dike tax,6.5714,drachmas,money,O.Petr. Mus. 310,"Original Text:
1 διέγ̣ρ(αψε) Γε̣ρμανὸς Μενέφρων̣ο̣ς̣
2 ὑπ(ὲρ) χω(ματικοῦ) Χά(ρακος) α (ἔτους) ἓξ (τετρώβολον) β̣α̣(λανευτικοῦ) (τετρώβολον) (ἡμιωβέλιον) (γίνονται) (δραχμαὶ) ζ (διώβολον) (ἡμιωβέλιον) καὶ [προσ]δ(ιαγραφόμενα)
3 (ἔτους) α Δο̣μ̣ι̣τιανοῦ τοῦ κυρίου
4 Ἐπεὶφ λ̅ϛ̣̅ Ἀ̣πο̣λλ Ἀπίω(νος) ....

English translation:
1 Germanos son of Menephron has paid
2 for the dike tax of Charax of the 1st year six (dr.) four obols, for the bath tax four obols one half-obol, total 7 dr. 2 1/2 ob., and the [additional] charges.
3 Year 1 of Domitian the lord,
4 Epeiph 36. Apoll(...) son of Apion [...]

Original text: Duke Databank of Documentary Papyri (DDbDP); metadata: Heidelberger
Gesamtverzeichnis der griechischen Papyrusurkunden Ägyptens (HGV); via papyri.info
(github.com/papyri/idp.data), licensed CC BY 3.0."
ATD-000183,30 Jul 82 AD,Thebes,Germanos son of Menephron,Apoll[...] son of Apion,bath tax,0.6429,drachmas,money,O.Petr. Mus. 310,"Original Text:
1 διέγ̣ρ(αψε) Γε̣ρμανὸς Μενέφρων̣ο̣ς̣
2 ὑπ(ὲρ) χω(ματικοῦ) Χά(ρακος) α (ἔτους) ἓξ (τετρώβολον) β̣α̣(λανευτικοῦ) (τετρώβολον) (ἡμιωβέλιον) (γίνονται) (δραχμαὶ) ζ (διώβολον) (ἡμιωβέλιον) καὶ [προσ]δ(ιαγραφόμενα)
3 (ἔτους) α Δο̣μ̣ι̣τιανοῦ τοῦ κυρίου
4 Ἐπεὶφ λ̅ϛ̣̅ Ἀ̣πο̣λλ Ἀπίω(νος) ....

English translation:
1 Germanos son of Menephron has paid
2 for the dike tax of Charax of the 1st year six (dr.) four obols, for the bath tax four obols one half-obol, total 7 dr. 2 1/2 ob., and the [additional] charges.
3 Year 1 of Domitian the lord,
4 Epeiph 36. Apoll(...) son of Apion [...]

Original text: Duke Databank of Documentary Papyri (DDbDP); metadata: Heidelberger
Gesamtverzeichnis der griechischen Papyrusurkunden Ägyptens (HGV); via papyri.info
(github.com/papyri/idp.data), licensed CC BY 3.0."
ATD-000184,1-200 AD,Thebes,Haronnophrios son of Pechytes,,,0.6429,drachmas,money,O.Petr. Mus. 316,"Original Text:
1 διαγέγ̣ρα(φε) Ἁροννώφριο(ς) Πεχ̣ύ[του] [...]
2 Ἀγο(ρῶν) βο(ρρᾶ) α̣ (ἔτους) ϛ̣̅ (τετρώβολον?) (ἡμιωβέλιον?) (γίνονται?) [-- ]
3 (ἔτους) β Αὐτ̣ο̣κ̣[ράτορος] [...]
3 [...]

English translation:
1 Haronnophrios son of Pechy[tes] has paid [...]
2 (for) Agorai Borra, (year) 1(?), year 6, (four obols?) (half-obol?), (total?) [...]
3 Year 2 of Imperator [...]
3 [...]

Original text: Duke Databank of Documentary Papyri (DDbDP); metadata: Heidelberger
Gesamtverzeichnis der griechischen Papyrusurkunden Ägyptens (HGV); via papyri.info
(github.com/papyri/idp.data), licensed CC BY 3.0."
ATD-000185,101-200 AD,Thebes,,,,4.2857,drachmas,money,O.Petr. Mus. 321,"Original Text:
1 [...]
1 [...]του κ̣[...]
2 ὑπ(ὲρ) το̣(ῦ) κα̣θ̣(ήκοντος) τέλο(υς) Α[...]
3 Φαῶ(φι) ῥυπ(αρὰς) (δραχμὰς) δ (διώβολον) Φαρ̣[μοῦθι] [...]

English translation:
1 [...]
1 [...]tou k[...]
2 for the due tax A[...]
3 Phaophi, four dirty drachmas two obols. Phar[mouthi] [...]

Original text: Duke Databank of Documentary Papyri (DDbDP); metadata: Heidelberger
Gesamtverzeichnis der griechischen Papyrusurkunden Ägyptens (HGV); via papyri.info
(github.com/papyri/idp.data), licensed CC BY 3.0."
ATD-000186,182-215 AD (?),Thebes,Panames,Ph[...],,12,drachmas,money,O.Petr. Mus. 325,"Original Text:
1 [...] τοῦ κγ (ἔτους) ὀνό(ματος) Παναμέ(ως)
2 [...]το .... ὑ̣π̣(ὲρ) ... κ̣γ̣ (ἔτους)
3 [.. (δραχμὰς)] δώδεκα (γίνονται) (δραχμαὶ) ιβ Φ̣[...] σ(εσ)ημ(είωμαι)
4 ἄλ(λαι) ι̅α̅ ὁμοί(ως) τέσσαρας (γίνονται) (δραχμαὶ) δ Φθ̣ σ(εσ)η(μείωμαι)
5 ἄλ(λαι) κ̅ϛ̅ ὁμοί(ως) δεκαέξ (γίνονται) (δραχμαὶ) ιϛ Φθ̣ σ(εσ)η(μείωμαι)

English translation:
1 [...] of the 23rd year, in the name of Panames
2 [...] ... for ... of the 23rd year
3 [... drachmas] twelve, total 12 dr. Ph[...] I have signed.
4 Others, on the 11th, likewise four, total 4 dr. Phth. I have signed.
5 Others, on the 26th, likewise sixteen, total 16 dr. Phth. I have signed.

Original text: Duke Databank of Documentary Papyri (DDbDP); metadata: Heidelberger
Gesamtverzeichnis der griechischen Papyrusurkunden Ägyptens (HGV); via papyri.info
(github.com/papyri/idp.data), licensed CC BY 3.0."
ATD-000187,182-215 AD (?),Thebes,Panames,Ph[...],,4,drachmas,money,O.Petr. Mus. 325,"Original Text:
1 [...] τοῦ κγ (ἔτους) ὀνό(ματος) Παναμέ(ως)
2 [...]το .... ὑ̣π̣(ὲρ) ... κ̣γ̣ (ἔτους)
3 [.. (δραχμὰς)] δώδεκα (γίνονται) (δραχμαὶ) ιβ Φ̣[...] σ(εσ)ημ(είωμαι)
4 ἄλ(λαι) ι̅α̅ ὁμοί(ως) τέσσαρας (γίνονται) (δραχμαὶ) δ Φθ̣ σ(εσ)η(μείωμαι)
5 ἄλ(λαι) κ̅ϛ̅ ὁμοί(ως) δεκαέξ (γίνονται) (δραχμαὶ) ιϛ Φθ̣ σ(εσ)η(μείωμαι)

English translation:
1 [...] of the 23rd year, in the name of Panames
2 [...] ... for ... of the 23rd year
3 [... drachmas] twelve, total 12 dr. Ph[...] I have signed.
4 Others, on the 11th, likewise four, total 4 dr. Phth. I have signed.
5 Others, on the 26th, likewise sixteen, total 16 dr. Phth. I have signed.

Original text: Duke Databank of Documentary Papyri (DDbDP); metadata: Heidelberger
Gesamtverzeichnis der griechischen Papyrusurkunden Ägyptens (HGV); via papyri.info
(github.com/papyri/idp.data), licensed CC BY 3.0."
ATD-000188,182-215 AD (?),Thebes,Panames,Ph[...],,16,drachmas,money,O.Petr. Mus. 325,"Original Text:
1 [...] τοῦ κγ (ἔτους) ὀνό(ματος) Παναμέ(ως)
2 [...]το .... ὑ̣π̣(ὲρ) ... κ̣γ̣ (ἔτους)
3 [.. (δραχμὰς)] δώδεκα (γίνονται) (δραχμαὶ) ιβ Φ̣[...] σ(εσ)ημ(είωμαι)
4 ἄλ(λαι) ι̅α̅ ὁμοί(ως) τέσσαρας (γίνονται) (δραχμαὶ) δ Φθ̣ σ(εσ)η(μείωμαι)
5 ἄλ(λαι) κ̅ϛ̅ ὁμοί(ως) δεκαέξ (γίνονται) (δραχμαὶ) ιϛ Φθ̣ σ(εσ)η(μείωμαι)

English translation:
1 [...] of the 23rd year, in the name of Panames
2 [...] ... for ... of the 23rd year
3 [... drachmas] twelve, total 12 dr. Ph[...] I have signed.
4 Others, on the 11th, likewise four, total 4 dr. Phth. I have signed.
5 Others, on the 26th, likewise sixteen, total 16 dr. Phth. I have signed.

Original text: Duke Databank of Documentary Papyri (DDbDP); metadata: Heidelberger
Gesamtverzeichnis der griechischen Papyrusurkunden Ägyptens (HGV); via papyri.info
(github.com/papyri/idp.data), licensed CC BY 3.0."
ATD-000189,101-300 AD,Thebes,Mesoeris,,,12,drachmas,money,O.Petr. Mus. 328,"Original Text:
1 Μεσορὴ ϛ τοῦ δ̣ (ἔτους) ὀνό(ματος) Μ̣ε̣σοῆρ̣ι̣ς̣ --
2 -- δ̣ρ̣α̣χ(μὰς) δ̣ώδ̣εκα (γίνονται) δρ(αχμαὶ) ιβ̣

English translation:
1 Mesore 6 of the 4th year, in the name of Mesoeris --
2 -- twelve drachmas, total 12 dr.

Original text: Duke Databank of Documentary Papyri (DDbDP); metadata: Heidelberger
Gesamtverzeichnis der griechischen Papyrusurkunden Ägyptens (HGV); via papyri.info
(github.com/papyri/idp.data), licensed CC BY 3.0."
ATD-000190,101-300 AD,Thebes,Kerdon son of Peteasm[...],,,2.7143,drachmas,money,O.Petr. Mus. 329,"Original Text:
1 Παχ̣(ὼν) η̣ τοῦ η (ἔτους) ὀνό(ματος) [...]
2 Κέρ̣δ̣ων Πε̣τ̣ε̣α̣σ̣μ̣[...]
3 δύ̣ο̣ (πεντώβολον) (γίνονται) δρ(αχμαὶ) β̣ (πεντώβολον) ........[...]

English translation:
1 Pachon 8 of the 8th year, in the name of [...]
2 Kerdon son of Peteasm[...]
3 two (drachmas) five obols, total 2 dr. 5 ob. ........[...]

Original text: Duke Databank of Documentary Papyri (DDbDP); metadata: Heidelberger
Gesamtverzeichnis der griechischen Papyrusurkunden Ägyptens (HGV); via papyri.info
(github.com/papyri/idp.data), licensed CC BY 3.0."
ATD-000191,19 Sep 253 AD,Thebes,Sarapammon son of Horigenes,Syrion,,4,drachmas,money,O.Petr. Mus. 331,"Original Text:
1 [διέγρ(αψε) Σαρ]α̣πάμμων Ὡρι
2 [γένους ὑπ(ὲρ)] [...] τοῦ β (ἔτους) τοῦ κυρίου
3 [ἡμῶν Μάρκου] Αἰμιλίου Αἰμ̣ιλιαν̣ο̣ῦ̣
4 [Σεβαστοῦ (δραχμὰς)] [τέσσ]α̣ρας (γίνονται) (δραχμαὶ) δ Συρίων
5 [σεσημ(είωμαι) (ἔτους) β Θ]ὼ̣θ κβ

English translation:
1 [Has paid Sar]apammon son of Hori-
2 [genes for] [...] of the 2nd year of our lord
3 [Marcus] Aemilius Aemilianus
4 [Augustus] [fo]ur [drachmas], total 4 dr. Syrion.
5 [I have signed. Year 2, Th]oth 22.

Original text: Duke Databank of Documentary Papyri (DDbDP); metadata: Heidelberger
Gesamtverzeichnis der griechischen Papyrusurkunden Ägyptens (HGV); via papyri.info
(github.com/papyri/idp.data), licensed CC BY 3.0."
ATD-000192,201-300 AD,Thebes,heirs of [...]ianos,,,4,drachmas,money,O.Petr. Mus. 332,"Original Text:
1 [...]
1 ..[...]...[...]
2 Σεβαστῶν κληρ̣[ο(νόμοι?)] ......ιανου οὐ(ετρανοῦ) διὰ
3 ....υ.... ὑπ(ὲρ) Χ(άρακος) α̣ (ἔτους) δρα̣χ(μὰς) τέσ̣σαρα̣ς (γίνονται) (δραχμαὶ) δ. Η σ(εσ)η(μείωμαι) ..

English translation:
1 [...]
1 ..[...]...[...]
2 of the Augusti, heir[s(?)] of ......ianos, veteran, through
3 ....y.... for Charax of the 1st year four drachmas, total 4 dr. H. I have signed ..

Original text: Duke Databank of Documentary Papyri (DDbDP); metadata: Heidelberger
Gesamtverzeichnis der griechischen Papyrusurkunden Ägyptens (HGV); via papyri.info
(github.com/papyri/idp.data), licensed CC BY 3.0."
ATD-000193,29 Sep 81 AD (?),Thebes,Papones son of Pamonthes son of Petecho[...],Ptolemaios,dike tax,6.5714,drachmas,money,O.Strasb. 2 813,"Original Text:
1 δια(γέγραφε) Παπόνης Παμώνθ̣(ου) [Π]ε̣τ̣ε̣χ̣ω̣(ν )
2 ὑπ(ὲρ) χω(ματικοῦ) Ὠφιή(ου) γ (ἔτους) (δραχμὰς) ἓξ (τετρώβολον), (γίνονται) (δραχμαὶ) ϛ (τετρώβολον) κ[αὶ προσδ(ιαγραφόμενα)]
3 (ἔτους) δ Αὐτοκράτορος Τίτο̣υ τοῦ
4 κυρίου μ(ηνὸς) Σεβαστοῦ .̅.̅.
5 Πτο̣λ(εμαῖος) σ(εσημείωμαι).

English translation:
1 Papones son of Pamonthes, grandson of Petecho(n), has paid
2 for the dike tax of Ophieion of the 3rd year six drachmas four obols, total 6 dr. 4 ob., a[nd the additional charges].
3 Year 4 of Imperator Titus the
4 lord, month Sebastos ...
5 Ptolemaios, I have signed.

Original text: Duke Databank of Documentary Papyri (DDbDP); metadata: Heidelberger
Gesamtverzeichnis der griechischen Papyrusurkunden Ägyptens (HGV); via papyri.info
(github.com/papyri/idp.data), licensed CC BY 3.0."
ATD-000194,11 Mar-10 Apr 84 AD (?),Thebes,Papones son of Pamonthes,Ptolemaios,poll tax,10,drachmas,money,O.Strasb. 2 814,"Original Text:
1 διαγέγρα(φε) Πα̣πόνη(ς) Παμώνθο̣υ
2 ὑπ(ὲρ) λ̣α̣ο(γραφίας) Ὠ̣φ̣ι̣ή(ου) γ 𐅹 (δραχμὰς) ι καὶ το(ύτων) π̣ρο(σδιαγραφόμενα).
3 (ἔτους) γ Δομιτιανοῦ τ̣ο̣ῦ̣ κυρίο̣υ̣
4 Φ[...]. ι̅ε̅. Π̣τ̣ο̣λ̣(εμαῖος) σ̣ε̣σ̣η̣(μείωμαι).

English translation:
1 Papones son of Pamonthes has paid
2 for the poll tax of Ophieion of the 3rd year 10 drachmas, and on these the additional charges.
3 Year 3 of Domitian the lord,
4 Ph[...] 15. Ptolemaios, I have signed.

Original text: Duke Databank of Documentary Papyri (DDbDP); metadata: Heidelberger
Gesamtverzeichnis der griechischen Papyrusurkunden Ägyptens (HGV); via papyri.info
(github.com/papyri/idp.data), licensed CC BY 3.0."
ATD-000195,2 Apr 85 AD,Thebes,Papones son of Pamonthes son of Petecho[...],Ptolemaios,poll tax,10,drachmas,money,O.Strasb. 2 815,"Original Text:
1 διαγέγρα(φε) Παπόνη(ς) Παμώ̣ν̣θο̣(υ)
2 Πε̣τ̣ε̣χω̣(ν ) ὑπ(ὲρ) λ̣α̣ο̣(γραφίας) Ὠ̣φ̣ι̣ή̣(ου) δ 𐅹̣ (δραχμὰς?) ι
3 καὶ το(ύτων) π̣ρ̣ο̣(σδιαγραφόμενα). (ἔτους) δ Δομιτιανοῦ
4 τοῦ κυ̣[ρί]ο̣υ̣ Φ̣α̣ρ̣μ(οῦθι) κ̣̅ζ̅. Π̣τ̣ο̣λ̣(εμαῖος) σ̣ε̣σ̣η̣(μείωμαι).

English translation:
1 Papones son of Pamonthes has paid,
2 grandson of Petecho(n), for the poll tax of Ophieion of the 4th year (drachmas?) 10
3 and on these the additional charges. Year 4 of Domitian
4 the lord, Pharmouthi 27. Ptolemaios, I have signed.

Original text: Duke Databank of Documentary Papyri (DDbDP); metadata: Heidelberger
Gesamtverzeichnis der griechischen Papyrusurkunden Ägyptens (HGV); via papyri.info
(github.com/papyri/idp.data), licensed CC BY 3.0."
ATD-000196,2 Oct 85 AD,Thebes,Papones son of Pamonthes son of Petecho[...],Dekmos,dike tax,6.5714,drachmas,money,O.Strasb. 2 816,"Original Text:
1 δια̣γ̣έ̣γ̣ρ̣[α(φε)] Π̣α̣π̣όν̣η̣(ς) Π̣α̣μώνθο(υ) Πετεχω(ν )
2 ὑπ(ὲρ) χω(ματικοῦ) Ὠφιή(ου) δ 𐅹 (δραχμὰς) ϛ (τετρώβολον), (γίνονται) (δραχμαὶ) ϛ (τετρώβολον),
3 καὶ προ(σδιαγραφόμενα). (ἔτους) ε Δομιτιανοῦ τοῦ κ̣υρ̣ί̣ου
4 Θὼθ λ̅ε̅. Δέκ(μος) σε̣σ̣η(μείωμαι).

English translation:
1 Papones son of Pamonthes, grandson of Petecho(n), has paid
2 for the dike tax of Ophieion of the 4th year 6 drachmas 4 obols, total 6 dr. 4 ob.,
3 and the additional charges. Year 5 of Domitian the lord,
4 Thoth 35. Dekmos, I have signed.

Original text: Duke Databank of Documentary Papyri (DDbDP); metadata: Heidelberger
Gesamtverzeichnis der griechischen Papyrusurkunden Ägyptens (HGV); via papyri.info
(github.com/papyri/idp.data), licensed CC BY 3.0."
ATD-000197,Jul 87-Jan 88 AD,Thebes,Papones son of Pamonthes,,dike tax,6.5714,drachmas,money,O.Strasb. 2 817,"Original Text:
1 διαγέγρα(φε) Παπό̣νη(ς) [Παμώνθου]
2 ὑ̣π̣(ὲρ) χω(ματικοῦ) Ὠ̣φ̣ι̣ή̣(ου) ϛ 𐅹 (δραχμὰς?) ἓξ̣ [(τετρώβολον) καὶ προσδιαγραφόμενα. (ἔτους) .]
3 Δομιτιανοῦ τοῦ κ̣υρίου [ vac. ]
4 μη̣(νὸς) [...]. ..ο̣λ [σεση(μείωμαι).]

English translation:
1 Papones son of [Pamonthes] has paid
2 for the dike tax of Ophieion of the 6th year six (drachmas?) [four obols and the additional charges. Year .]
3 of Domitian the lord
4 month [...]. ..ol [I have signed.]

Original text: Duke Databank of Documentary Papyri (DDbDP); metadata: Heidelberger
Gesamtverzeichnis der griechischen Papyrusurkunden Ägyptens (HGV); via papyri.info
(github.com/papyri/idp.data), licensed CC BY 3.0."
ATD-000198,28 Sep 70-27 Oct 80 AD (?),Thebes,Papones son of Pamonthes,,dike tax,,,,O.Strasb. 2 818,"Original Text:
1 [διαγέγραφε Πα]πόνης Παμώ(νθου)
2 [Πετεχω(ν ) ὑπ(ὲρ)] χωμ̣α(τικοῦ) Ὠφι̣ή̣(ου) β̣ 𐅹
3 [(δραχμὰς)] [...].... (ἔτους) γ ......
4 [το]ῦ̣ κυρίο̣υ μ̣η(νὸς) Φ̣[α]ῶ̣(φι) [...]

English translation:
1 [Pa]pones son of Pamonthes [has paid]
2 [grandson of Petecho(n), for] the dike tax of Ophieion of the 2nd year
3 [drachmas] [...].... Year 3 of ......
4 [th]e lord, month Phaophi [...]

Original text: Duke Databank of Documentary Papyri (DDbDP); metadata: Heidelberger
Gesamtverzeichnis der griechischen Papyrusurkunden Ägyptens (HGV); via papyri.info
(github.com/papyri/idp.data), licensed CC BY 3.0."
ATD-000199,28 Jul 91 AD,Thebes,Petechespochrates son of Tithoes son of Psenousiris,Sokrates,dike tax,5.2857,drachmas,money,O.Strasb. 2 819,"Original Text:
1 διαγέγρα(φε) Πετ̣ε̣χεσπ(οχράτης) Τιθοήο(υς) Ψενο̣υ̣σ(ίριος)
2 ὑπ(ὲρ) χω(ματικοῦ) Ὠ̣φι̣ή̣ο(υ) ι 𐅹 ⟨(δραχμὰς)⟩ ε (διώβολον) βα(λανευτικοῦ) (Ἀγορῶν) Νό(του) (τετρώβολον) (ἡμιωβέλιον),
3 (γίνονται) (δραχμαὶ) ϛ (ἡμιωβέλιον) καὶ π̣ρο(σδιαγραφόμενα). (ἔτους) ι Δομιτιανοῦ τ̣ο̣ῦ̣ κ̣υ̣ρ̣ί̣ο̣υ̣
4 Ἐπεὶφ λ̅δ̅. Σω̣κ̣(ράτης) σεση(μείωμαι).

English translation:
1 Petechespochrates son of Tithoes, grandson of Psenousiris, has paid
2 for the dike tax of Ophieion of the 10th year ⟨drachmas⟩ 5, 2 obols, (for) the bath tax of Agorai Notou 4 obols 1/2 obol,
3 total 6 dr. 1/2 ob., and the additional charges. Year 10 of Domitian the lord,
4 Epeiph 34. Sokrates, I have signed.

Original text: Duke Databank of Documentary Papyri (DDbDP); metadata: Heidelberger
Gesamtverzeichnis der griechischen Papyrusurkunden Ägyptens (HGV); via papyri.info
(github.com/papyri/idp.data), licensed CC BY 3.0."
ATD-000200,28 Jul 91 AD,Thebes,Petechespochrates son of Tithoes son of Psenousiris,Sokrates,bath tax,0.6429,drachmas,money,O.Strasb. 2 819,"Original Text:
1 διαγέγρα(φε) Πετ̣ε̣χεσπ(οχράτης) Τιθοήο(υς) Ψενο̣υ̣σ(ίριος)
2 ὑπ(ὲρ) χω(ματικοῦ) Ὠ̣φι̣ή̣ο(υ) ι 𐅹 ⟨(δραχμὰς)⟩ ε (διώβολον) βα(λανευτικοῦ) (Ἀγορῶν) Νό(του) (τετρώβολον) (ἡμιωβέλιον),
3 (γίνονται) (δραχμαὶ) ϛ (ἡμιωβέλιον) καὶ π̣ρο(σδιαγραφόμενα). (ἔτους) ι Δομιτιανοῦ τ̣ο̣ῦ̣ κ̣υ̣ρ̣ί̣ο̣υ̣
4 Ἐπεὶφ λ̅δ̅. Σω̣κ̣(ράτης) σεση(μείωμαι).

English translation:
1 Petechespochrates son of Tithoes, grandson of Psenousiris, has paid
2 for the dike tax of Ophieion of the 10th year ⟨drachmas⟩ 5, 2 obols, (for) the bath tax of Agorai Notou 4 obols 1/2 obol,
3 total 6 dr. 1/2 ob., and the additional charges. Year 10 of Domitian the lord,
4 Epeiph 34. Sokrates, I have signed.

Original text: Duke Databank of Documentary Papyri (DDbDP); metadata: Heidelberger
Gesamtverzeichnis der griechischen Papyrusurkunden Ägyptens (HGV); via papyri.info
(github.com/papyri/idp.data), licensed CC BY 3.0."
ATD-000201,27 Jul 93 AD,Thebes,Petechespochrates son of Tithoes son of Psen[...],Apion,dike tax,5.7143,drachmas,money,O.Strasb. 2 820,"Original Text:
1 διαγέγρα(φε) Πετεχεσπ(οχράτης) Τιθοή(ους) Ψεν.
2 ὑ(πὲρ) χωμ̣(ατικοῦ) Ὠφιή(ου) ιβ 𐅹 (δραχμὰς) ε (πεντώβολον)
3 β̣α̣(λανευτικοῦ) Ἀ̣γ̣ο(ρῶν) Β̣ο(ρρᾶ) (τετρώβολον) (ἡμιωβέλιον) καὶ προ(σδιαγραφόμενα). (ἔτους) ιβ Δομιτιανοῦ
4 τοῦ κυρίου Ἐ̣π̣ε̣ὶ̣φ λγ̅. [Ἀ]π̣ίω(ν) σ̣ε̣σ̣η(μείωμαι).

English translation:
1 Petechespochrates son of Tithoes, grandson of Psen(...), has paid
2 for the dike tax of Ophieion of the 12th year 5 drachmas 5 obols,
3 (for) the bath tax of Agorai Borra 4 obols 1/2 obol, and the additional charges. Year 12 of Domitian
4 the lord, Epeiph 33. [A]pion, I have signed.

Original text: Duke Databank of Documentary Papyri (DDbDP); metadata: Heidelberger
Gesamtverzeichnis der griechischen Papyrusurkunden Ägyptens (HGV); via papyri.info
(github.com/papyri/idp.data), licensed CC BY 3.0."
ATD-000202,27 Jul 93 AD,Thebes,Petechespochrates son of Tithoes son of Psen[...],Apion,bath tax,0.6429,drachmas,money,O.Strasb. 2 820,"Original Text:
1 διαγέγρα(φε) Πετεχεσπ(οχράτης) Τιθοή(ους) Ψεν.
2 ὑ(πὲρ) χωμ̣(ατικοῦ) Ὠφιή(ου) ιβ 𐅹 (δραχμὰς) ε (πεντώβολον)
3 β̣α̣(λανευτικοῦ) Ἀ̣γ̣ο(ρῶν) Β̣ο(ρρᾶ) (τετρώβολον) (ἡμιωβέλιον) καὶ προ(σδιαγραφόμενα). (ἔτους) ιβ Δομιτιανοῦ
4 τοῦ κυρίου Ἐ̣π̣ε̣ὶ̣φ λγ̅. [Ἀ]π̣ίω(ν) σ̣ε̣σ̣η(μείωμαι).

English translation:
1 Petechespochrates son of Tithoes, grandson of Psen(...), has paid
2 for the dike tax of Ophieion of the 12th year 5 drachmas 5 obols,
3 (for) the bath tax of Agorai Borra 4 obols 1/2 obol, and the additional charges. Year 12 of Domitian
4 the lord, Epeiph 33. [A]pion, I have signed.

Original text: Duke Databank of Documentary Papyri (DDbDP); metadata: Heidelberger
Gesamtverzeichnis der griechischen Papyrusurkunden Ägyptens (HGV); via papyri.info
(github.com/papyri/idp.data), licensed CC BY 3.0."
ATD-000203,1 Sep 93 AD (?),Thebes,Petechespochrates son of Tithoues son of Psenosiris,Apion and partners,bath tax,,,,O.Strasb. 2 821,"Original Text:
1 Ἀπ̣ίω(ν) κ̣α̣ὶ̣ μ̣(έτοχοι) τ̣[ελ(ῶναι)] [θησ(αυροῦ)] ἱ̣ε̣ρ̣ῶ̣(ν) ι̣β̣ (ἔτους?)
2 Πε̣τ̣ε̣χεσπ(οχράτῃ) Τ̣ι̣θ̣ο̣υή(ους) Ψε̣ν̣ο̣σ(ίριος)
3 χ(αίρειν). ἔ̣σ̣χο(μεν) πα̣ρὰ (σοῦ) τὸ βαλ̣(ανευτικὸν) τ̣ο̣ῦ α̣(ὐτοῦ) ιβ̣ 𐅹
4 Δομιτιανοῦ τοῦ κυρίου Θ̣ὼ̣τ̣ δ̅.

English translation:
1 Apion and partners, f[armers of the] [treasury] of the temples, of the 12th year,
2 to Petechespochrates son of Tithoues, grandson of Psenosiris,
3 greeting. We have received from (you) the bath tax of the same 12th year
4 of Domitian the lord, Thoth 4.

Original text: Duke Databank of Documentary Papyri (DDbDP); metadata: Heidelberger
Gesamtverzeichnis der griechischen Papyrusurkunden Ägyptens (HGV); via papyri.info
(github.com/papyri/idp.data), licensed CC BY 3.0."
ATD-000204,26 May 112 AD,Thebes,Petechespochrates son of Tithoes son of Psen[...],Phaeris; [...],poll tax,10.5714,drachmas,money,O.Strasb. 2 822,"Original Text:
1 Φαῆρ(ις) καὶ ... ... Π̣ε̣τ̣ε̣χεσπ(οχράτῃ) Τιθο̣ή̣(ους)
2 Ψεν.... ἔ̣σ̣χ̣(ομεν) ὑ̣π̣(ὲρ) λαο(γραφίας) Ὠφιή(ου) ι̣ε̣ 𐅹
3 ῥυ̣π(αρὰς) (δραχμὰς) δέκα (ὀβολοὺς 4?) (καὶ) βαλαν(ευτικοῦ) (Ἀγορῶν) Ν̣ό̣(του) ι̣ε̣ 𐅹 (δραχμὴν) α̣ (διώβολον),
4 (γίνονται) (δραχμαὶ) ιβ. (ἔτους) ιε̣ Τραιανοῦ τοῦ κυρίου Παχὼ(ν) λ̅α̅.
5 . σ̣ε̣σ̣η̣(μείωμαι).

English translation:
1 Phaeris and ... ... to Petechespochrates son of Tithoes,
2 grandson of Psen..... We have received for the poll tax of Ophieion of the 15th year
3 ten dirty drachmas (4 obols?) and for the bath tax of Agorai Notou of the 15th year 1 drachma 2 obols,
4 total 12 dr. Year 15 of Trajan the lord, Pachon 31.
5 . I have signed.

Original text: Duke Databank of Documentary Papyri (DDbDP); metadata: Heidelberger
Gesamtverzeichnis der griechischen Papyrusurkunden Ägyptens (HGV); via papyri.info
(github.com/papyri/idp.data), licensed CC BY 3.0."
ATD-000205,26 May 112 AD,Thebes,Petechespochrates son of Tithoes son of Psen[...],Phaeris; [...],bath tax,1.2857,drachmas,money,O.Strasb. 2 822,"Original Text:
1 Φαῆρ(ις) καὶ ... ... Π̣ε̣τ̣ε̣χεσπ(οχράτῃ) Τιθο̣ή̣(ους)
2 Ψεν.... ἔ̣σ̣χ̣(ομεν) ὑ̣π̣(ὲρ) λαο(γραφίας) Ὠφιή(ου) ι̣ε̣ 𐅹
3 ῥυ̣π(αρὰς) (δραχμὰς) δέκα (ὀβολοὺς 4?) (καὶ) βαλαν(ευτικοῦ) (Ἀγορῶν) Ν̣ό̣(του) ι̣ε̣ 𐅹 (δραχμὴν) α̣ (διώβολον),
4 (γίνονται) (δραχμαὶ) ιβ. (ἔτους) ιε̣ Τραιανοῦ τοῦ κυρίου Παχὼ(ν) λ̅α̅.
5 . σ̣ε̣σ̣η̣(μείωμαι).

English translation:
1 Phaeris and ... ... to Petechespochrates son of Tithoes,
2 grandson of Psen..... We have received for the poll tax of Ophieion of the 15th year
3 ten dirty drachmas (4 obols?) and for the bath tax of Agorai Notou of the 15th year 1 drachma 2 obols,
4 total 12 dr. Year 15 of Trajan the lord, Pachon 31.
5 . I have signed.

Original text: Duke Databank of Documentary Papyri (DDbDP); metadata: Heidelberger
Gesamtverzeichnis der griechischen Papyrusurkunden Ägyptens (HGV); via papyri.info
(github.com/papyri/idp.data), licensed CC BY 3.0."
ATD-000206,20 May 116 AD,Thebes,Petechespochrates son of Tithoes son of Psenousiris,Petepsais; Lelous,levy,0.7143,drachmas,money,O.Strasb. 2 823,"Original Text:
1 Πετεψάις πράκ̣(τωρ) ἀ̣ργ(υρικῶν) μ̣[ητρ]ο̣π(όλεως)
2 Πετεχεσπ(οχράτῃ) Τιθο̣ήο̣υ̣ς Ψενο̣υ̣σί(ριος). ἔ̣σ̣χ(ον)
3 ὑπ(ὲρ) μ̣ε̣ρι̣σ(μοῦ) ἀν(ακεχωρηκότων) Ὠφιή̣(ου) ιθ 𐅹 ῥυπ(αροὺς) ὀ̣β(ολοὺς) ε,
4 (γίνονται) ῥ̣υ̣π̣(αροὶ) ὀ̣β̣(ολοὶ) ε. (ἔτους) ιθ̣ Τ̣ρ̣α̣ι̣α̣ν̣ο̣ῦ Ἀρ̣ί̣σ̣τ̣ο̣υ̣ τ̣ο̣ῦ̣ κ̣υ̣ρ̣ί̣ο̣υ̣
5 Πα̣χὼ(ν) κ̅ε̅.
6 Λελοῦς σεσημ(είωμαι).

English translation:
1 Petepsais, collector of money taxes of the metropolis,
2 to Petechespochrates son of Tithoes, grandson of Psenousiris. I have received
3 for the levy for absconders of Ophieion of the 19th year five dirty obols,
4 total 5 dirty ob. Year 19 of Trajan Optimus the lord,
5 Pachon 25.
6 Lelous, I have signed.

Original text: Duke Databank of Documentary Papyri (DDbDP); metadata: Heidelberger
Gesamtverzeichnis der griechischen Papyrusurkunden Ägyptens (HGV); via papyri.info
(github.com/papyri/idp.data), licensed CC BY 3.0."
ATD-000207,26 Mar 117 AD (?),Thebes,Tithoes son of Petechespochrates son of Tithoes,Petepsais,poll tax,10.5714,drachmas,money,O.Strasb. 2 824,"Original Text:
1 Πετεψάι(ς) πράκ(τωρ) Τιθοῆτι [...]
2 Πετεχεσποχρά(του) Τιθοήου[ς]. [ἔσχ(ον)]
3 ὑπὲρ λα⟨ο⟩γραφία(ς) Ὠφίου κ 𐅹 ῥυπα̣[ρὰς (δραχμὰς)] [...]
4 .., (γίνονται) (δραχμαὶ) ι (ὀβολοὶ 4?). (ἔτους) κ Τραια(νοῦ) Ἀρίστ̣ο̣υ̣ τ̣[οῦ κυρίου]
5 Φαμενὼθ λ̅ .[...]

English translation:
1 Petepsais, collector, to Tithoes [...]
2 son of Petechespochrates, grandson of Tithoes. [I have received]
3 for the poll tax of Ophieion of the 20th year dirty [drachmas] [...]
4 .., total 10 dr. (4 obols?). Year 20 of Trajan Optimus [the lord],
5 Phamenoth 30 .[...]

Original text: Duke Databank of Documentary Papyri (DDbDP); metadata: Heidelberger
Gesamtverzeichnis der griechischen Papyrusurkunden Ägyptens (HGV); via papyri.info
(github.com/papyri/idp.data), licensed CC BY 3.0."
ATD-000208,12 Apr 117 AD,Thebes,Petechespochrates son of Tithoes son of Psen[...],Phatres,bath tax,,,,O.Strasb. 2 825,"Original Text:
1 [Φ]ατ̣ρ̣ῆ[ς] ....χ
2 Π̣ε̣τε̣χ̣ε̣σ̣π̣(οχράτῃ) Τιθοήο̣(υς)
3 Ψ̣ε̣ν...... χα̣(ίρειν). ἀ̣π̣έ̣χ(ομεν?)
4 τὸ βα̣λ̣(ανευτικὸν) τ̣ο̣ῦ̣ κ̣ 𐅹
5 Τραιανοῦ Ἀρ̣ί̣σ̣το̣υ ⟨τοῦ⟩
6 κυρίο̣υ̣ Φαρμοῦ(θι)
7 ιζ
8 --

English translation:
1 [Ph]atres ....ch
2 to Petechespochrates son of Tithoes,
3 grandson of Psen......, greeting. We have received(?)
4 the bath tax of the 20th year
5 of Trajan Optimus ⟨the⟩
6 lord, Pharmouthi
7 17.
8 --

Original text: Duke Databank of Documentary Papyri (DDbDP); metadata: Heidelberger
Gesamtverzeichnis der griechischen Papyrusurkunden Ägyptens (HGV); via papyri.info
(github.com/papyri/idp.data), licensed CC BY 3.0."
ATD-000209,13 Nov 109 AD,Thebes,Psenamounis son of Psenchonsis,Apollodoros (?) and partners,mixed,4.3571,drachmas,money,O.Strasb. 2 826,"Original Text:
1 Ἀπολ(λόδωρος?) καὶ μ̣έ̣τ̣(οχοι) Ψεναμ̣ο̣(ύνει) Ψενχώ(νσιος)
2 μη̣(τρὸς) Τσονεσό̣(ντιος). ἔ̣σ̣χ̣(ομεν) ὑ̣π(ὲρ) σκοπ(έλων), φυλ(άκων) καὶ ἄ(λλων)
3 Ὠφιή(ου) ιγ 𐅹 ῥ̣υπ(αρὰς) (δραχμὰς?) δ (διώβολον) (ἡμιωβέλιον). (ἔτους?) ιγ
4 Τραιανοῦ τοῦ κυρίου
5 Φαῶφι λ̅ι̣̅ζ̅.

English translation:
1 Apol(lodoros?) and partners to Psenamounis son of Psenchonsis,
2 his mother being Tsonesontis. We have received for watchtowers, guards and others
3 of Ophieion of the 13th year 4 dirty (drachmas?) 2 obols 1/2 obol. (Year?) 13
4 of Trajan the lord,
5 Phaophi 47.

Original text: Duke Databank of Documentary Papyri (DDbDP); metadata: Heidelberger
Gesamtverzeichnis der griechischen Papyrusurkunden Ägyptens (HGV); via papyri.info
(github.com/papyri/idp.data), licensed CC BY 3.0."
ATD-000210,15 Aug 111 AD,Thebes,Psenamounis son of Psenchonsis,Pebos and partners,dike tax,7.0714,drachmas,money,O.Strasb. 2 827,"Original Text:
1 Πεβ̣ῶ̣(ς) καὶ (μέτοχοι) π̣ράκ̣(τορες) Ψεναμούν̣ει
2 Ψενχώ(νσιος). ἔσχ(ομεν) ὑπ(ὲρ) χ(ωματικοῦ) Ὠφιή̣(ου) ιδ 𐅹 ῥυπ(αρὰς) (δραχμὰς) ἑ̣πτὰ ἡ̣μ̣(ιωβέλιον),
3 (γίνονται) (δραχμαὶ) ζ (ἡμιωβέλιον). (ἔτους) ιδ Τραιανοῦ τοῦ κυρίου
4 Ἐπεὶφ λ̅κ̅β̅. Α̣ σεση(μείωμαι).

English translation:
1 Pebos and partners, collectors, to Psenamounis
2 son of Psenchonsis. We have received for the dike tax of Ophieion of the 14th year seven dirty drachmas half an obol,
3 total 7 dr. 1/2 ob. Year 14 of Trajan the lord,
4 Epeiph 52. A., I have signed.

Original text: Duke Databank of Documentary Papyri (DDbDP); metadata: Heidelberger
Gesamtverzeichnis der griechischen Papyrusurkunden Ägyptens (HGV); via papyri.info
(github.com/papyri/idp.data), licensed CC BY 3.0."
ATD-000211,11 Aug 113 AD,Thebes,Psenamounis son of Psenchonsis,Phaeris and partners,bath tax,,,,O.Strasb. 2 828,"Original Text:
1 Φ̣αῆ̣ρις̣ καὶ με̣τό̣χω̣(ν) ....
2 θησ(αυροῦ) ἱερῶν τοῦ ιϛ 𐅹
3 Ψεναμο̣ῦνις̣ Ψενχώ(νσιος).
4 ἀπέ̣χ[ο(μεν)] π̣αρὰ σοῦ τὸ
5 βα̣λ(ανευτικὸν) το̣ῦ ιϛ 𐅹 Τρα̣ιανο[ῦ]
6 τοῦ κυ̣ρίο̣υ Μ̣ε̣σ̣ο̣υ̣ρὴ ι̅η̅.
7 Φαῆρ̣ις.

English translation:
1 Phaeris and partners ....
2 of the treasury of the temples of the 16th year,
3 to Psenamounis son of Psenchonsis.
4 We have received from you the
5 bath tax of the 16th year of Trajan
6 the lord, Mesore 18.
7 Phaeris.

Original text: Duke Databank of Documentary Papyri (DDbDP); metadata: Heidelberger
Gesamtverzeichnis der griechischen Papyrusurkunden Ägyptens (HGV); via papyri.info
(github.com/papyri/idp.data), licensed CC BY 3.0."
ATD-000212,27 Jul 122 AD,Thebes,Psenamounis son of Psenchonsis,Psenm[...],mixed,7.75,drachmas,money,O.Strasb. 2 830,"Original Text:
1 Ψε̣νμ̣ πράκ(τωρ) Ψε̣ναμ̣ο̣(ῦνι) Ψε̣νχώ(νσιος)
2 μη̣(τρὸς) Τσ̣ενεσόντ(ιος). ἔσχ̣(ον) ὑπ(ὲρ) χω(ματικοῦ) Ὠ̣φι̣ή̣ο(υ)
3 καὶ βαλ(ανευτικοῦ) Νό(του) ϛ 𐅹 ῥυπ(αρὰς) (δραχμὰς) ἕπ̣τα̣ (πεντώβολον) (χαλκοῦς) β,
4 (γίνονται) (δραχμαὶ) ζ (ὀβολοὺς 5?) (χαλκοῖ) β. (ἔτους) ϛ Ἁδριανοῦ Καίσαρος [τοῦ κυρίου]
5 Ἐπεὶφ λ̅γ̅.

English translation:
1 Psenm(...), praktor, to Psenamounis son of Psenchonsis,
2 his mother being Tsenesontis. I have received for the dike tax of Ophieion
3 and bath tax of Notos of the 6th year, seven dirty drachmas, five obols, two chalkoi,
4 total 7 dr. 5 ob. 2 ch. Year 6 of Hadrianus Caesar [the lord],
5 Epeiph 33.

Original text: Duke Databank of Documentary Papyri (DDbDP); metadata: Heidelberger
Gesamtverzeichnis der griechischen Papyrusurkunden Ägyptens (HGV); via papyri.info
(github.com/papyri/idp.data), licensed CC BY 3.0."
ATD-000213,5 Mar 123 AD,Thebes,Psenamounis son of Psenchonsis,Phthoum and partners,poll tax,8,drachmas,money,O.Strasb. 2 831,"Original Text:
1 Φθουμ καὶ μ(έτοχοι) ἀπαι̣τ̣(ηταὶ) Ὠφιήου
2 Ψεναμο(ύνει) Ψενχώ(νσιος). ἔσχομ̣(εν) ὑπ(ὲρ)
3 λαογ̣ρ(αφίας) ζ 𐅹 ῥυπ(αρὰς) δραχμ(ὰς) ὀκτώ,
4 (γίνονται) (δραχμαὶ) η. (ἔτους) ζ Ἁδριανοῦ Κα̣ί̣σ̣α̣ρος
5 τοῦ κυρίου Φαμ̣ε̣ν̣ὼ(θ) θ̅.
6 Ἀπ̣ίω̣(ν) σ̣ε̣ση(μείωμαι). ἄλ(λαι)· Φαρμ(οῦθι) κ̣̅ζ̅ ὑπ(ὲρ) λ̣α̣ο(γραφίας)
7 (δραχμὰς) δύο̣ τε̣τρόβ(ολον), (γίνονται) (δραχμαὶ) β (τετρώβολον) καὶ ὑπ(ὲρ) βα̣λ(ανευτικοῦ)
8 Νό(του) (δραχμὴν) μίαν ἡμιο̣β̣(έλιον), (γίνεται) β̣α̣λ̣(ανευτικοῦ?) (δραχμὴ) α̣ (ἡμιωβέλιον).
9 (ἔτους) ζ Ἁδ̣ρ̣ι̣α̣ν̣ο̣ῦ τ̣ο̣ῦ̣ κυ̣ρ̣ί̣ο̣υ Φαρ̣μ̣(οῦθι) κ̣̅ζ̅.

English translation:
1 Phthoum and partners, collectors of Ophieion,
2 to Psenamounis son of Psenchonsis. We have received for
3 the poll tax of the 7th year eight dirty drachmas,
4 total 8 dr. Year 7 of Hadrianus Caesar
5 the lord, Phamenoth 9.
6 I, Apion, have signed. Further: Pharmouthi 27, for the poll tax
7 two drachmas four obols, total 2 dr. 4 ob., and for the bath tax
8 of Notos one drachma half an obol, total for the bath tax(?) 1 dr. 1/2 ob.
9 Year 7 of Hadrian the lord, Pharmouthi 27.

Original text: Duke Databank of Documentary Papyri (DDbDP); metadata: Heidelberger
Gesamtverzeichnis der griechischen Papyrusurkunden Ägyptens (HGV); via papyri.info
(github.com/papyri/idp.data), licensed CC BY 3.0."
ATD-000214,22 Apr 123 AD,Thebes,Psenamounis son of Psenchonsis,Phthoum and partners,poll tax,2.5714,drachmas,money,O.Strasb. 2 831,"Original Text:
1 Φθουμ καὶ μ(έτοχοι) ἀπαι̣τ̣(ηταὶ) Ὠφιήου
2 Ψεναμο(ύνει) Ψενχώ(νσιος). ἔσχομ̣(εν) ὑπ(ὲρ)
3 λαογ̣ρ(αφίας) ζ 𐅹 ῥυπ(αρὰς) δραχμ(ὰς) ὀκτώ,
4 (γίνονται) (δραχμαὶ) η. (ἔτους) ζ Ἁδριανοῦ Κα̣ί̣σ̣α̣ρος
5 τοῦ κυρίου Φαμ̣ε̣ν̣ὼ(θ) θ̅.
6 Ἀπ̣ίω̣(ν) σ̣ε̣ση(μείωμαι). ἄλ(λαι)· Φαρμ(οῦθι) κ̣̅ζ̅ ὑπ(ὲρ) λ̣α̣ο(γραφίας)
7 (δραχμὰς) δύο̣ τε̣τρόβ(ολον), (γίνονται) (δραχμαὶ) β (τετρώβολον) καὶ ὑπ(ὲρ) βα̣λ(ανευτικοῦ)
8 Νό(του) (δραχμὴν) μίαν ἡμιο̣β̣(έλιον), (γίνεται) β̣α̣λ̣(ανευτικοῦ?) (δραχμὴ) α̣ (ἡμιωβέλιον).
9 (ἔτους) ζ Ἁδ̣ρ̣ι̣α̣ν̣ο̣ῦ τ̣ο̣ῦ̣ κυ̣ρ̣ί̣ο̣υ Φαρ̣μ̣(οῦθι) κ̣̅ζ̅.

English translation:
1 Phthoum and partners, collectors of Ophieion,
2 to Psenamounis son of Psenchonsis. We have received for
3 the poll tax of the 7th year eight dirty drachmas,
4 total 8 dr. Year 7 of Hadrianus Caesar
5 the lord, Phamenoth 9.
6 I, Apion, have signed. Further: Pharmouthi 27, for the poll tax
7 two drachmas four obols, total 2 dr. 4 ob., and for the bath tax
8 of Notos one drachma half an obol, total for the bath tax(?) 1 dr. 1/2 ob.
9 Year 7 of Hadrian the lord, Pharmouthi 27.

Original text: Duke Databank of Documentary Papyri (DDbDP); metadata: Heidelberger
Gesamtverzeichnis der griechischen Papyrusurkunden Ägyptens (HGV); via papyri.info
(github.com/papyri/idp.data), licensed CC BY 3.0."
ATD-000215,22 Apr 123 AD,Thebes,Psenamounis son of Psenchonsis,Phthoum and partners,bath tax,1.0714,drachmas,money,O.Strasb. 2 831,"Original Text:
1 Φθουμ καὶ μ(έτοχοι) ἀπαι̣τ̣(ηταὶ) Ὠφιήου
2 Ψεναμο(ύνει) Ψενχώ(νσιος). ἔσχομ̣(εν) ὑπ(ὲρ)
3 λαογ̣ρ(αφίας) ζ 𐅹 ῥυπ(αρὰς) δραχμ(ὰς) ὀκτώ,
4 (γίνονται) (δραχμαὶ) η. (ἔτους) ζ Ἁδριανοῦ Κα̣ί̣σ̣α̣ρος
5 τοῦ κυρίου Φαμ̣ε̣ν̣ὼ(θ) θ̅.
6 Ἀπ̣ίω̣(ν) σ̣ε̣ση(μείωμαι). ἄλ(λαι)· Φαρμ(οῦθι) κ̣̅ζ̅ ὑπ(ὲρ) λ̣α̣ο(γραφίας)
7 (δραχμὰς) δύο̣ τε̣τρόβ(ολον), (γίνονται) (δραχμαὶ) β (τετρώβολον) καὶ ὑπ(ὲρ) βα̣λ(ανευτικοῦ)
8 Νό(του) (δραχμὴν) μίαν ἡμιο̣β̣(έλιον), (γίνεται) β̣α̣λ̣(ανευτικοῦ?) (δραχμὴ) α̣ (ἡμιωβέλιον).
9 (ἔτους) ζ Ἁδ̣ρ̣ι̣α̣ν̣ο̣ῦ τ̣ο̣ῦ̣ κυ̣ρ̣ί̣ο̣υ Φαρ̣μ̣(οῦθι) κ̣̅ζ̅.

English translation:
1 Phthoum and partners, collectors of Ophieion,
2 to Psenamounis son of Psenchonsis. We have received for
3 the poll tax of the 7th year eight dirty drachmas,
4 total 8 dr. Year 7 of Hadrianus Caesar
5 the lord, Phamenoth 9.
6 I, Apion, have signed. Further: Pharmouthi 27, for the poll tax
7 two drachmas four obols, total 2 dr. 4 ob., and for the bath tax
8 of Notos one drachma half an obol, total for the bath tax(?) 1 dr. 1/2 ob.
9 Year 7 of Hadrian the lord, Pharmouthi 27.

Original text: Duke Databank of Documentary Papyri (DDbDP); metadata: Heidelberger
Gesamtverzeichnis der griechischen Papyrusurkunden Ägyptens (HGV); via papyri.info
(github.com/papyri/idp.data), licensed CC BY 3.0."
ATD-000216,22 May 160 AD,Thebes,Philamon son of Philamon,Panameus and partners,levy,2,drachmas,money,O.Strasb. 2 834,"Original Text:
1 Παναμε̣ῦς καὶ (μέτοχοι) ἀπ̣α̣ιτ(ηταὶ) μερισ(μοῦ) τελ(ωνικῶν) Νό(του) καὶ Ὠφιήο(υ)
2 Φιλά̣μω(νι) ὁ(μοίως) μη(τρὸς) Τ̣ατρίφιδο̣(ς). ἔσχ(ομεν) ὑπ(ὲρ) μερισ(μοῦ)
3 κβ̣ 𐅹 δραχ(μὰς) δύο, (γίνονται) (δραχμαὶ) β. (ἔτους) κγ Ἀντωνίνου Κ̣αίσαρος
4 τοῦ κυρίου Παχὼ(ν) κ̅ζ̅.
5 [ἄ]λ̣λ̣αι· Παῦ(νι) θ̅ ὀνό(ματος) τοῦ α(ὐτοῦ) ὁμο̣ίως ὀβ(ολοὺς) ϛ (χαλκοῖ) β̣
6 [καὶ] ὀνό(ματος) Ἑριέ̣α Χεμτσνέ̣ω̣ς (ὀβολόν?). Πανα(μεῦς) σεση(μείωμαι).
7 [Πε]τ̣εχε̣σ̣π(οχράτης) σε̣σ̣η(μείωμαι).

English translation:
1 Panameus and partners, collectors of the levy for tax-farm dues of Notos and Ophieion,
2 to Philamon son of Philamon, his mother being Tatriphis. We have received for the levy
3 of the 22nd year two drachmas, total 2 dr. Year 23 of Antoninus Caesar
4 the lord, Pachon 27.
5 Further: Pauni 9, in the name of the same, likewise six obols two chalkoi,
6 [and] in the name of Herieus son of Chemtsneus one obol(?). I, Panameus, have signed.
7 I, [Pe]techespochrates, have signed.

Original text: Duke Databank of Documentary Papyri (DDbDP); metadata: Heidelberger
Gesamtverzeichnis der griechischen Papyrusurkunden Ägyptens (HGV); via papyri.info
(github.com/papyri/idp.data), licensed CC BY 3.0."
ATD-000217,3 Jun 160 AD,Thebes,Philamon son of Philamon,Panameus and partners,levy,0.8929,drachmas,money,O.Strasb. 2 834,"Original Text:
1 Παναμε̣ῦς καὶ (μέτοχοι) ἀπ̣α̣ιτ(ηταὶ) μερισ(μοῦ) τελ(ωνικῶν) Νό(του) καὶ Ὠφιήο(υ)
2 Φιλά̣μω(νι) ὁ(μοίως) μη(τρὸς) Τ̣ατρίφιδο̣(ς). ἔσχ(ομεν) ὑπ(ὲρ) μερισ(μοῦ)
3 κβ̣ 𐅹 δραχ(μὰς) δύο, (γίνονται) (δραχμαὶ) β. (ἔτους) κγ Ἀντωνίνου Κ̣αίσαρος
4 τοῦ κυρίου Παχὼ(ν) κ̅ζ̅.
5 [ἄ]λ̣λ̣αι· Παῦ(νι) θ̅ ὀνό(ματος) τοῦ α(ὐτοῦ) ὁμο̣ίως ὀβ(ολοὺς) ϛ (χαλκοῖ) β̣
6 [καὶ] ὀνό(ματος) Ἑριέ̣α Χεμτσνέ̣ω̣ς (ὀβολόν?). Πανα(μεῦς) σεση(μείωμαι).
7 [Πε]τ̣εχε̣σ̣π(οχράτης) σε̣σ̣η(μείωμαι).

English translation:
1 Panameus and partners, collectors of the levy for tax-farm dues of Notos and Ophieion,
2 to Philamon son of Philamon, his mother being Tatriphis. We have received for the levy
3 of the 22nd year two drachmas, total 2 dr. Year 23 of Antoninus Caesar
4 the lord, Pachon 27.
5 Further: Pauni 9, in the name of the same, likewise six obols two chalkoi,
6 [and] in the name of Herieus son of Chemtsneus one obol(?). I, Panameus, have signed.
7 I, [Pe]techespochrates, have signed.

Original text: Duke Databank of Documentary Papyri (DDbDP); metadata: Heidelberger
Gesamtverzeichnis der griechischen Papyrusurkunden Ägyptens (HGV); via papyri.info
(github.com/papyri/idp.data), licensed CC BY 3.0."
ATD-000218,3 Jun 160 AD,Thebes,Herieus son of Chemtsneus,Panameus and partners,levy,0.1429,drachmas,money,O.Strasb. 2 834,"Original Text:
1 Παναμε̣ῦς καὶ (μέτοχοι) ἀπ̣α̣ιτ(ηταὶ) μερισ(μοῦ) τελ(ωνικῶν) Νό(του) καὶ Ὠφιήο(υ)
2 Φιλά̣μω(νι) ὁ(μοίως) μη(τρὸς) Τ̣ατρίφιδο̣(ς). ἔσχ(ομεν) ὑπ(ὲρ) μερισ(μοῦ)
3 κβ̣ 𐅹 δραχ(μὰς) δύο, (γίνονται) (δραχμαὶ) β. (ἔτους) κγ Ἀντωνίνου Κ̣αίσαρος
4 τοῦ κυρίου Παχὼ(ν) κ̅ζ̅.
5 [ἄ]λ̣λ̣αι· Παῦ(νι) θ̅ ὀνό(ματος) τοῦ α(ὐτοῦ) ὁμο̣ίως ὀβ(ολοὺς) ϛ (χαλκοῖ) β̣
6 [καὶ] ὀνό(ματος) Ἑριέ̣α Χεμτσνέ̣ω̣ς (ὀβολόν?). Πανα(μεῦς) σεση(μείωμαι).
7 [Πε]τ̣εχε̣σ̣π(οχράτης) σε̣σ̣η(μείωμαι).

English translation:
1 Panameus and partners, collectors of the levy for tax-farm dues of Notos and Ophieion,
2 to Philamon son of Philamon, his mother being Tatriphis. We have received for the levy
3 of the 22nd year two drachmas, total 2 dr. Year 23 of Antoninus Caesar
4 the lord, Pachon 27.
5 Further: Pauni 9, in the name of the same, likewise six obols two chalkoi,
6 [and] in the name of Herieus son of Chemtsneus one obol(?). I, Panameus, have signed.
7 I, [Pe]techespochrates, have signed.

Original text: Duke Databank of Documentary Papyri (DDbDP); metadata: Heidelberger
Gesamtverzeichnis der griechischen Papyrusurkunden Ägyptens (HGV); via papyri.info
(github.com/papyri/idp.data), licensed CC BY 3.0."
ATD-000219,25 Jan 130 AD (?),Thebes,Psais son of Senphthoumonthes,Horos,mixed,4.7143,drachmas,money,O.Strasb. 2 836,"Original Text:
1 [Ὧ]ρος πρά̣κ(τωρ) ἀργ(υρικῶν)
2 Ψ̣άιτι Σε̣ν̣φθουμώνθου.
3 ἔ̣σ̣χ̣ο̣(ν) ὑπ(ὲρ) σκο̣π(έλων) καὶ ἄλ(λων) Νό(του) ιδ (ἔτους) ῥυπ(αρὰς)
4 (δραχμὰς) δ [ὀβ(ολοὺς)] ε. (ἔτους) ιδ Ἁ̣δ̣ρια̣ν̣ο̣ῦ̣ τ̣[ο]ῦ̣ κ̣υ̣ρίου
5 Τ̣ῦβι λ̣̅.

English translation:
1 [Ho]ros, praktor of money taxes,
2 to Psais son of Senphthoumonthes.
3 I have received for the watchtowers and others of Notos of the 14th year, dirty
4 drachmas 4 [obols] 5. Year 14 of Hadrian the lord,
5 Tybi 30.

Original text: Duke Databank of Documentary Papyri (DDbDP); metadata: Heidelberger
Gesamtverzeichnis der griechischen Papyrusurkunden Ägyptens (HGV); via papyri.info
(github.com/papyri/idp.data), licensed CC BY 3.0."
ATD-000220,7 Aug 130 AD,Thebes,Psais son of Senphthoumonthes,Horos,mixed,7.6429,drachmas,money,O.Strasb. 2 837,"Original Text:
1 Ὧρος πράκ(τωρ) ἀργ(υρικῶν)
2 Ψ̣ά̣ι̣τι Σ̣ε̣ν̣φθουμώ̣ν̣θ̣ο̣υ̣
3 τ̣.ς̣ .....χ... ἔσχο̣(ν) ὑπ(ὲρ)
4 χ̣ω̣(ματικοῦ) καὶ β[α]λ̣α(νευτικοῦ) Ν̣ό(του) ιδ 𐅹 ῥυπ̣(αρὰς) (δραχμὰς?) ζ (τετρώβολον) (ἡμιωβέλιον).
5 (ἔτους) ιδ Ἁ̣δ̣ρ̣ιανοῦ τοῦ κ̣υ̣ρί[ου]
6 Μ̣ε̣σ̣ο̣ρὴ ι̅δ̅.

English translation:
1 Horos, praktor of money taxes,
2 to Psais son of Senphthoumonthes
3 [...] I have received for
4 the dike tax and bath tax of Notos of the 14th year, dirty drachmas(?) 7, four obols, half an obol.
5 Year 14 of Hadrian the lord,
6 Mesore 14.

Original text: Duke Databank of Documentary Papyri (DDbDP); metadata: Heidelberger
Gesamtverzeichnis der griechischen Papyrusurkunden Ägyptens (HGV); via papyri.info
(github.com/papyri/idp.data), licensed CC BY 3.0."
ATD-000221,Feb-Jun 131 AD (?),Thebes,Psais son of Senphthoumonthes,Hermodoros,mixed,12,drachmas,money,O.Strasb. 2 838,"Original Text:
1 Ἑρμό̣δωρος πράκ(τωρ)
2 ἀργ(υρικῶν) Ψάις Σενφθου[μ(ώνθου)].
3 ἔσχο(ν) ὑπ(ὲρ) λ̣α̣ο̣(γραφίας) καὶ βα̣λ(ανευτικοῦ) Ν̣ό̣(του) ι̣ε̣ [𐅹]
4 ῥυπ(αρὰς) δρ̣[α]χ̣(μὰς) δ̣ώδεκα, (γίνονται) (δραχμαὶ) ιβ.
5 (ἔτους) ιε̣ Ἁ̣δρ̣[ια]ν̣ο̣ῦ̣ τ̣ο̣ῦ̣ κ̣υ̣ρ̣ί̣ο̣υ̣
6 -- .̅.̅. Τ̣αῦρ̣[ος(?)] [σεση(μείωμαι)].

English translation:
1 Hermodoros, praktor
2 of money taxes, to Psais son of Senphthou[monthes].
3 I have received for the poll tax and bath tax of Notos of the 15th [year]
4 twelve dirty drachmas, total 12 dr.
5 Year 15 of Hadrian the lord,
6 [...]. I, Tauros(?), [have signed].

Original text: Duke Databank of Documentary Papyri (DDbDP); metadata: Heidelberger
Gesamtverzeichnis der griechischen Papyrusurkunden Ägyptens (HGV); via papyri.info
(github.com/papyri/idp.data), licensed CC BY 3.0."
ATD-000222,Feb 132-Jun 133 AD (?),Thebes,Psais son of Senphthoumonthes,Hermodoros,mixed,12,drachmas,money,O.Strasb. 2 839,"Original Text:
1 Ἑ̣ρμ̣ό̣δω̣ρ̣[ος πράκ(τωρ) ἀργ(υρικῶν)]
2 Ψάις Σ̣ενφθ̣ο̣υ̣μ̣[ώνθου.(?) ἔσχο(ν)]
3 ὑπ(ὲρ) λα̣ο̣(γραφίας) καὶ βα̣λ̣(ανευτικοῦ) [Νό(του) ι.] (ἔτους?) [ῥυπ(αρὰς)]
4 δ̣ρ̣α̣χ(μὰς) ιβ, (γίνονται) (δραχμαὶ) ιβ̣. [(ἔτους) ι. Ἁδριανοῦ]
5 [Καίσαρος τοῦ κυρίου] [...]

English translation:
1 Hermodor[os, praktor of money taxes,]
2 to Psais son of Senphthoum[onthes. I have received]
3 for the poll tax and bath tax [of Notos of the 1.th] year(?) [dirty]
4 drachmas 12, total 12 dr. [Year 1. of Hadrianus]
5 [Caesar the lord] [...]

Original text: Duke Databank of Documentary Papyri (DDbDP); metadata: Heidelberger
Gesamtverzeichnis der griechischen Papyrusurkunden Ägyptens (HGV); via papyri.info
(github.com/papyri/idp.data), licensed CC BY 3.0."
ATD-000223,27 Nov 133 AD,Thebes,Psais son of Senphthoumonthes,Hermodoros,mixed,5.5,drachmas,money,O.Strasb. 2 840,"Original Text:
1 Ἑρμόδω̣ρος πράκ(τωρ) ἀργ(υρικῶν)
2 Ψάις Σενφ̣θο̣υμ̣⟨ώ⟩ν̣θ(ου)
3 ἔσχο̣(ν) ὑπ(ὲρ) σκοπ(έλων) καὶ ἄλ(λων) Ν̣ό(του) ιη 𐅹
4 ῥυπ(αρὰς) δραχμ̣(ὰς) πέντε τριόβολ̣(ον)
5 ἡ̣μ̣ι̣ο̣β(έλιον), (γίνονται) (δραχμαὶ) ε (τριώβολον) (ἡμιωβέλιον). (ἔτους) ιη Ἁδρι̣α̣ν̣ο̣ῦ̣
6 το̣ῦ κ̣[υ]ρ̣ί̣ο̣υ̣ μηνὸς Ἁδριανοῦ α̣̅.
7 Διό̣σ̣κ̣(ορος) σ̣[εση(μείωμαι)].

English translation:
1 Hermodoros, praktor of money taxes,
2 to Psais son of Senphthoumonthes.
3 I have received for the watchtowers and others of Notos of the 18th year
4 five dirty drachmas three obols
5 half an obol, total 5 dr. 3 ob. 1/2 ob. Year 18 of Hadrian
6 the lord, month of Hadrianos 1.
7 I, Dioskoros, [have signed].

Original text: Duke Databank of Documentary Papyri (DDbDP); metadata: Heidelberger
Gesamtverzeichnis der griechischen Papyrusurkunden Ägyptens (HGV); via papyri.info
(github.com/papyri/idp.data), licensed CC BY 3.0."
ATD-000224,27 Mar 134 AD,Thebes,Psais son of Senphthoumonthes,Soter and partners,mixed,8,drachmas,money,O.Strasb. 2 841,"Original Text:
1 Σωτὴρ κὲ̣ μ̣(έτοχοι) π̣ρ̣ο..
2 πρακ(τ ) ἀργ(υρικῶν) Νότ̣ο̣υ̣ Ψά̣ι̣τ̣[ι]
3 Σενφθ̣ουμώ̣νθ(ου). [ἔσχ(ομεν) ὑπ(ὲρ)]
4 λα̣ο(γραφίας) καὶ βα̣λ(ανευτικοῦ) ιη 𐅹 ῥυπ(αρὰς) δραχ(μὰς)
5 ὀκτώι, (γίνονται) ῥυπ(αραὶ) (δραχμαὶ) η. (ἔτους) ιη Ἁ̣δ̣ρ̣ι̣α̣[νοῦ]
6 Καίσαρος τοῦ κυρίου Φα̣ρ̣μ(οῦθι) α̣̅.
7 ἄλ(λαι)· Παχ(ὼν) δ̅ ὀ̣νόμ̣ατο(ς) vac. [τοῦ α(ὐτοῦ)] ἔ̣σ̣χ(ομεν) ὑπ(ὲρ) λαο(γραφίας) καὶ βαλ(ανευτικοῦ)
8 ιη 𐅹 ῥυπ(αρὰς) δραχ(μὰς) τέσαρες vac. , (γίνονται) ῥυπ(αραὶ) (δραχμαὶ) δ
9 Ἀ̣π̣ο̣λ̣(λ ) σεση̣(μείωμαι).

English translation:
1 Soter and partners, ...
2 praktores of money taxes of Notos, to Psais
3 son of Senphthoumonthes. [We have received for]
4 the poll tax and bath tax of the 18th year, eight dirty drachmas,
5 total 8 dirty dr. Year 18 of Hadri[anus]
6 Caesar the lord, Pharmouthi 1.
7 Further: Pachon 4, in the name of [the same], we have received for the poll tax and bath tax
8 of the 18th year four dirty drachmas, total 4 dirty dr.
9 I, Apol(l ), have signed.

Original text: Duke Databank of Documentary Papyri (DDbDP); metadata: Heidelberger
Gesamtverzeichnis der griechischen Papyrusurkunden Ägyptens (HGV); via papyri.info
(github.com/papyri/idp.data), licensed CC BY 3.0."
ATD-000225,29 Apr 134 AD,Thebes,Psais son of Senphthoumonthes,Soter and partners,mixed,4,drachmas,money,O.Strasb. 2 841,"Original Text:
1 Σωτὴρ κὲ̣ μ̣(έτοχοι) π̣ρ̣ο..
2 πρακ(τ ) ἀργ(υρικῶν) Νότ̣ο̣υ̣ Ψά̣ι̣τ̣[ι]
3 Σενφθ̣ουμώ̣νθ(ου). [ἔσχ(ομεν) ὑπ(ὲρ)]
4 λα̣ο(γραφίας) καὶ βα̣λ(ανευτικοῦ) ιη 𐅹 ῥυπ(αρὰς) δραχ(μὰς)
5 ὀκτώι, (γίνονται) ῥυπ(αραὶ) (δραχμαὶ) η. (ἔτους) ιη Ἁ̣δ̣ρ̣ι̣α̣[νοῦ]
6 Καίσαρος τοῦ κυρίου Φα̣ρ̣μ(οῦθι) α̣̅.
7 ἄλ(λαι)· Παχ(ὼν) δ̅ ὀ̣νόμ̣ατο(ς) vac. [τοῦ α(ὐτοῦ)] ἔ̣σ̣χ(ομεν) ὑπ(ὲρ) λαο(γραφίας) καὶ βαλ(ανευτικοῦ)
8 ιη 𐅹 ῥυπ(αρὰς) δραχ(μὰς) τέσαρες vac. , (γίνονται) ῥυπ(αραὶ) (δραχμαὶ) δ
9 Ἀ̣π̣ο̣λ̣(λ ) σεση̣(μείωμαι).

English translation:
1 Soter and partners, ...
2 praktores of money taxes of Notos, to Psais
3 son of Senphthoumonthes. [We have received for]
4 the poll tax and bath tax of the 18th year, eight dirty drachmas,
5 total 8 dirty dr. Year 18 of Hadri[anus]
6 Caesar the lord, Pharmouthi 1.
7 Further: Pachon 4, in the name of [the same], we have received for the poll tax and bath tax
8 of the 18th year four dirty drachmas, total 4 dirty dr.
9 I, Apol(l ), have signed.

Original text: Duke Databank of Documentary Papyri (DDbDP); metadata: Heidelberger
Gesamtverzeichnis der griechischen Papyrusurkunden Ägyptens (HGV); via papyri.info
(github.com/papyri/idp.data), licensed CC BY 3.0."
ATD-000226,27 Jun 134 AD,Thebes,Psais son of Senphthoumonthes,Soter,levy,1.5714,drachmas,money,O.Strasb. 2 842,"Original Text:
1 Σ̣ωτὴρ πράκ(τωρ) ἀργ(υρικῶν) Νό(του)
2 Ψά̣ι̣[ς] Σ̣[ε]νφθουμώνθ(ου). ἔσχ(ον)
3 ὑπ(ὲρ) μ̣[ερι]σ(μοῦ) ἀνακ(εχωρηκότων) ιη 𐅹 ῥυπ(αρὰν) δραχ(μὴν)
4 [μ]ι̣ᾶς (ὀβολοὺς 4?), (γίνονται) ῥυπ(αρὰ) (δραχμὴ) α (τετρώβολον). (ἔτους) ιη Ἁδριανο̣ῦ̣
5 [τοῦ] κ̣υ̣ρ̣ί̣ο̣υ̣ Ἐπεὶφ γ̅. Ἀπ̣ο̣λ̣(λ ) σ̣ε̣σ̣η̣(μείωμαι).

English translation:
1 Soter, praktor of money taxes of Notos,
2 to Psais son of Senphthoumonthes. I have received
3 for the levy for absconded persons of the 18th year one dirty drachma
4 (four obols?), total 1 dirty dr. 4 ob. Year 18 of Hadrian
5 [the] lord, Epeiph 3. I, Apol(l ), have signed.

Original text: Duke Databank of Documentary Papyri (DDbDP); metadata: Heidelberger
Gesamtverzeichnis der griechischen Papyrusurkunden Ägyptens (HGV); via papyri.info
(github.com/papyri/idp.data), licensed CC BY 3.0."
ATD-000227,5 Sep 134 AD,Thebes,Psais son of Senphthoumonthes,Soter,mixed,4,drachmas,money,O.Strasb. 2 843,"Original Text:
1 Σωτὴρ πράκ(τωρ) ἀ̣ρ̣γ(υρικῶν) Ν̣ό̣(του) Ψάις Σενφθουμώ̣ν̣θ̣(ου)
2 [...]....
3 [...]..
4 --[...] ἄλ̣(λαι)· Θὼτ η̅
5 ὀνόμ(ατος) τοῦ α(ὐτοῦ) ἔσχ(ον) ὑπ(ὲρ) χω(ματικοῦ) καὶ βα̣λ(ανευτικοῦ) ιη 𐅹 ῥυπ(αρὰς) δραχ(μὰς)
6 τέσαρε̣ς̣, (γίνονται) ῥυπ(αραὶ) (δραχμαὶ) δ. Ἀπολ̣(λ ) σεση(μείωμαι).

English translation:
1 Soter, praktor of money taxes of Notos, to Psais son of Senphthoumonthes
2 [...]
3 [...]
4 [...] Further: Thoth 8,
5 in the name of the same, I have received for the dike tax and bath tax of the 18th year, dirty drachmas
6 four, total 4 dirty dr. I, Apol(l ), have signed.

Original text: Duke Databank of Documentary Papyri (DDbDP); metadata: Heidelberger
Gesamtverzeichnis der griechischen Papyrusurkunden Ägyptens (HGV); via papyri.info
(github.com/papyri/idp.data), licensed CC BY 3.0."
ATD-000228,18 May 138 AD,Thebes,Psais son of Senphthoumonthes son of Petechespokrates,Gaios Longeinos Oualerianos,dike tax,1.3571,drachmas,money,O.Strasb. 2 845,"Original Text:
1 Γάιος Λονγεῖνος Οὐαλεριανὸς
2 πράκ(τωρ) ἀργ(υρικῶν) Νότ(ου) Ψάιτι Σενφθου
3 μώνθου Πετεχεσποκ(ράτου). ἔσχο̣ν̣
4 ὑπ(ὲρ) (τρίτου) (πέμπτου μέρους) χωμ(ατικοῦ) Νότ̣(ου) κ 𐅹 ῥυπ̣(αρὰν) (δραχμὴν?) α (διώβολον) (ἡμιωβέλιον),
5 (γίνεται) ῥυπ(αρὰ) (δραχμὴ) μία (διώβολον) (ἡμιωβέλιον), καὶ ὑ(πὲρ) (τρίτου) (πέμπτου μέρους) κυνη
6 γίδος δορ̣κώ̣(νων?) κ 𐅹 ὀβο̣λ̣(οὺς?) (διώβολον), (γίνονται) (διώβολον).
7 (ἔτους) κβ Ἁδ̣ριανοῦ Κα̣ίσα̣ρος τοῦ κυρί̣ο[υ]
8 Πα̣χ̣ὼν κ̅γ̅.

English translation:
1 Gaios Longeinos Oualerianos,
2 praktor of money taxes of Notos, to Psais son of Senphthou-
3 monthes, grandson of Petechespokrates. I have received
4 for the third fifth part of the dike tax of Notos of the 20th year, one dirty drachma(?) two obols half an obol,
5 total one dirty drachma two obols half an obol, and for the third fifth part of the hunting
6 tax on gazelles(?) of the 20th year obols(?): two obols, total 2 ob.
7 Year 22 of Hadrianus Caesar the lord,
8 Pachon 23.

Original text: Duke Databank of Documentary Papyri (DDbDP); metadata: Heidelberger
Gesamtverzeichnis der griechischen Papyrusurkunden Ägyptens (HGV); via papyri.info
(github.com/papyri/idp.data), licensed CC BY 3.0."
ATD-000229,18 May 138 AD,Thebes,Psais son of Senphthoumonthes son of Petechespokrates,Gaios Longeinos Oualerianos,trade tax,0.2857,drachmas,money,O.Strasb. 2 845,"Original Text:
1 Γάιος Λονγεῖνος Οὐαλεριανὸς
2 πράκ(τωρ) ἀργ(υρικῶν) Νότ(ου) Ψάιτι Σενφθου
3 μώνθου Πετεχεσποκ(ράτου). ἔσχο̣ν̣
4 ὑπ(ὲρ) (τρίτου) (πέμπτου μέρους) χωμ(ατικοῦ) Νότ̣(ου) κ 𐅹 ῥυπ̣(αρὰν) (δραχμὴν?) α (διώβολον) (ἡμιωβέλιον),
5 (γίνεται) ῥυπ(αρὰ) (δραχμὴ) μία (διώβολον) (ἡμιωβέλιον), καὶ ὑ(πὲρ) (τρίτου) (πέμπτου μέρους) κυνη
6 γίδος δορ̣κώ̣(νων?) κ 𐅹 ὀβο̣λ̣(οὺς?) (διώβολον), (γίνονται) (διώβολον).
7 (ἔτους) κβ Ἁδ̣ριανοῦ Κα̣ίσα̣ρος τοῦ κυρί̣ο[υ]
8 Πα̣χ̣ὼν κ̅γ̅.

English translation:
1 Gaios Longeinos Oualerianos,
2 praktor of money taxes of Notos, to Psais son of Senphthou-
3 monthes, grandson of Petechespokrates. I have received
4 for the third fifth part of the dike tax of Notos of the 20th year, one dirty drachma(?) two obols half an obol,
5 total one dirty drachma two obols half an obol, and for the third fifth part of the hunting
6 tax on gazelles(?) of the 20th year obols(?): two obols, total 2 ob.
7 Year 22 of Hadrianus Caesar the lord,
8 Pachon 23.

Original text: Duke Databank of Documentary Papyri (DDbDP); metadata: Heidelberger
Gesamtverzeichnis der griechischen Papyrusurkunden Ägyptens (HGV); via papyri.info
(github.com/papyri/idp.data), licensed CC BY 3.0."
ATD-000230,18 Nov 139 AD,Thebes,Psais son of Senphthoumonthes,Apollonides; Antonios,,4,drachmas,money,O.Strasb. 2 847,"Original Text:
1 Ἀπολλωνίδης καὶ Ἀντών̣[ιος(?)] [πράκ(τορες) ἀργ(υρικῶν) Νό(του)]
2 Ψάι[τ]ι̣ Σ̣ε̣νφθουμώ̣(νθου) τα̣ Πετεχε̣σ̣π(οχρατ ). ἔ̣[σχ(ομεν)] [ὑπ(ὲρ)] [...]
3 γ 𐅹 Νό(του) δραχ(μὰς) τέσσαρας, (γίνονται) (δραχμαὶ) δ. (ἔτους) γ Ἀ[ντωνίνου]
4 Καίσαρος τοῦ κυρίου Ἁθὺρ κ̅α̅. .[...] [σεση(μείωμαι)].
5 ἄλλαι· Παῦνι κ̅θ̅ ὀνό(ματος) τοῦ α(ὐτοῦ) Ψάι̣[τος] [...] [ὑπ(ὲρ)] [...]
6 κ̣[αὶ] [ἄ]λ̣(λων) γ 𐅹 δ̣ρ̣αχ(μὰς) δύο ὀβ(ολοὺς) γ, (γίνονται) (δραχμαὶ) β ὀβ(ολοὶ) γ. Κ̣α̣[ρο(ῦρις)] [σεση(μείωμαι)].

English translation:
1 Apollonides and Anton[ios(?)], [praktores of money taxes of Notos,]
2 to Psais son of Senphthoumonthes ... Petechesp(...). We [have received] [for] [...]
3 of the 3rd year of Notos four drachmas, total 4 dr. Year 3 of A[ntoninus]
4 Caesar the lord, Hathyr 21. [...] [have signed].
5 Further: Pauni 29, in the name of the same Psais [...] [for] [...]
6 a[nd] [ot]hers of the 3rd year two drachmas three obols, total 2 dr. 3 ob. Karo[uris] [has signed].

Original text: Duke Databank of Documentary Papyri (DDbDP); metadata: Heidelberger
Gesamtverzeichnis der griechischen Papyrusurkunden Ägyptens (HGV); via papyri.info
(github.com/papyri/idp.data), licensed CC BY 3.0."
ATD-000231,23 Jun 140 AD,Thebes,Psais son of Senphthoumonthes,Apollonides; Antonios,mixed,2.4286,drachmas,money,O.Strasb. 2 847,"Original Text:
1 Ἀπολλωνίδης καὶ Ἀντών̣[ιος(?)] [πράκ(τορες) ἀργ(υρικῶν) Νό(του)]
2 Ψάι[τ]ι̣ Σ̣ε̣νφθουμώ̣(νθου) τα̣ Πετεχε̣σ̣π(οχρατ ). ἔ̣[σχ(ομεν)] [ὑπ(ὲρ)] [...]
3 γ 𐅹 Νό(του) δραχ(μὰς) τέσσαρας, (γίνονται) (δραχμαὶ) δ. (ἔτους) γ Ἀ[ντωνίνου]
4 Καίσαρος τοῦ κυρίου Ἁθὺρ κ̅α̅. .[...] [σεση(μείωμαι)].
5 ἄλλαι· Παῦνι κ̅θ̅ ὀνό(ματος) τοῦ α(ὐτοῦ) Ψάι̣[τος] [...] [ὑπ(ὲρ)] [...]
6 κ̣[αὶ] [ἄ]λ̣(λων) γ 𐅹 δ̣ρ̣αχ(μὰς) δύο ὀβ(ολοὺς) γ, (γίνονται) (δραχμαὶ) β ὀβ(ολοὶ) γ. Κ̣α̣[ρο(ῦρις)] [σεση(μείωμαι)].

English translation:
1 Apollonides and Anton[ios(?)], [praktores of money taxes of Notos,]
2 to Psais son of Senphthoumonthes ... Petechesp(...). We [have received] [for] [...]
3 of the 3rd year of Notos four drachmas, total 4 dr. Year 3 of A[ntoninus]
4 Caesar the lord, Hathyr 21. [...] [have signed].
5 Further: Pauni 29, in the name of the same Psais [...] [for] [...]
6 a[nd] [ot]hers of the 3rd year two drachmas three obols, total 2 dr. 3 ob. Karo[uris] [has signed].

Original text: Duke Databank of Documentary Papyri (DDbDP); metadata: Heidelberger
Gesamtverzeichnis der griechischen Papyrusurkunden Ägyptens (HGV); via papyri.info
(github.com/papyri/idp.data), licensed CC BY 3.0."
ATD-000232,15-24 Apr 141 AD,Thebes,Psais son of Senphthoumonthes,Horos and partners,levy,4,drachmas,money,O.Strasb. 2 849,"Original Text:
1 Ὧρος καὶ μ(έτοχοι) ἀ̣[π]α̣ι̣τ̣(ηταὶ) μ̣ε̣ρισμ̣ο(ῦ)
2 τελ ὠ̣ν̣[ίων] Ψ̣ά̣ι̣ς Σ̣ε̣ν̣φθου
3 μώνθ̣ο̣(υ). [ἔσ]χ̣ο̣[(μεν)] ὑ̣π̣(ὲρ) [μερισ(μοῦ)] [γ(?)] [𐅹] κέρ(ματος)
4 (δραχμὰς) τέσσαρα̣ς̣, (γίνονται?) (δραχμαὶ?) δ̣. (ἔτους?) δ
5 Ἀ̣ντω̣ν̣ε̣ίνου Κ̣α̣[ί]σ̣α̣[ρος] τ̣ο̣ῦ̣ κυ̣ρ̣ί̣ου
6 Φαρμο(ῦθι) κ̅.̅. [... σεση(μείωμαι)]. ἄλ̣(λαι)· Π̣[α]ῦ̣νι̣ ι̣̅ε̣̅
7 ὀνόμ(ατος) τοῦ α(ὐτοῦ) κέρ(ματος) (δραχμὴν) μίαν, (γίνεται) (δραχμὴ) α. Ὧ̣ρ̣(ος?) σ̣ε̣σ̣η̣(μείωμαι).
8 Θ. σ̣ε̣σ̣η̣(μείωμαι?).

English translation:
1 Horos and partners, collectors of the levy
2 for taxes on goods for sale, to Psais son of Senphthou-
3 monthes. We have received for [the levy] of the [3rd(?)] year in small change
4 four drachmas, total(?) 4 dr.(?). Year(?) 4
5 of Antoninus Caesar the lord,
6 Pharmouthi 2.. [... have signed]. Further: Pauni 15,
7 in the name of the same, in small change one drachma, total 1 dr. I, Hor(os?), have signed.
8 I, Th., have signed(?).

Original text: Duke Databank of Documentary Papyri (DDbDP); metadata: Heidelberger
Gesamtverzeichnis der griechischen Papyrusurkunden Ägyptens (HGV); via papyri.info
(github.com/papyri/idp.data), licensed CC BY 3.0."
ATD-000233,9 Jun 141 AD (?),Thebes,Psais son of Senphthoumonthes,Horos and partners,levy,1,drachmas,money,O.Strasb. 2 849,"Original Text:
1 Ὧρος καὶ μ(έτοχοι) ἀ̣[π]α̣ι̣τ̣(ηταὶ) μ̣ε̣ρισμ̣ο(ῦ)
2 τελ ὠ̣ν̣[ίων] Ψ̣ά̣ι̣ς Σ̣ε̣ν̣φθου
3 μώνθ̣ο̣(υ). [ἔσ]χ̣ο̣[(μεν)] ὑ̣π̣(ὲρ) [μερισ(μοῦ)] [γ(?)] [𐅹] κέρ(ματος)
4 (δραχμὰς) τέσσαρα̣ς̣, (γίνονται?) (δραχμαὶ?) δ̣. (ἔτους?) δ
5 Ἀ̣ντω̣ν̣ε̣ίνου Κ̣α̣[ί]σ̣α̣[ρος] τ̣ο̣ῦ̣ κυ̣ρ̣ί̣ου
6 Φαρμο(ῦθι) κ̅.̅. [... σεση(μείωμαι)]. ἄλ̣(λαι)· Π̣[α]ῦ̣νι̣ ι̣̅ε̣̅
7 ὀνόμ(ατος) τοῦ α(ὐτοῦ) κέρ(ματος) (δραχμὴν) μίαν, (γίνεται) (δραχμὴ) α. Ὧ̣ρ̣(ος?) σ̣ε̣σ̣η̣(μείωμαι).
8 Θ. σ̣ε̣σ̣η̣(μείωμαι?).

English translation:
1 Horos and partners, collectors of the levy
2 for taxes on goods for sale, to Psais son of Senphthou-
3 monthes. We have received for [the levy] of the [3rd(?)] year in small change
4 four drachmas, total(?) 4 dr.(?). Year(?) 4
5 of Antoninus Caesar the lord,
6 Pharmouthi 2.. [... have signed]. Further: Pauni 15,
7 in the name of the same, in small change one drachma, total 1 dr. I, Hor(os?), have signed.
8 I, Th., have signed(?).

Original text: Duke Databank of Documentary Papyri (DDbDP); metadata: Heidelberger
Gesamtverzeichnis der griechischen Papyrusurkunden Ägyptens (HGV); via papyri.info
(github.com/papyri/idp.data), licensed CC BY 3.0."
ATD-000234,1 Jul 141 AD,Thebes,Psais son of Senphthoumonthes,Apollonides,guard tax,1,drachmas,money,O.Strasb. 2 850,"Original Text:
1 Ἀπολλωνίδ(ης) πράκ(τωρ) ἀργ(υρικῶν) Νό(του) Ψαίτι Σενφθουμώ(νθου)
2 ἔσχ(ον) ὑπ(ὲρ) σκοπ(έλων) καὶ φυλ(άκων) δ 𐅹 ῥυπ(αρὰν) (δραχμὴν) μίαν̣, (γίνεται) (δραχμὴ) α καὶ ὑπ(ὲρ)
3 μερισ(μοῦ) ἀνακ(εχωρηκότων) β 𐅹 ῥυπ(αρὰν) (δραχμὴν) μιᾶς, (γίνεται) (δραχμὴ) α. (ἔτους) δ
4 Ἀντωνείνου Καίσαρος τοῦ κυρίου Ἐπεὶφ ζ̅.
5 Καρο̣(ῦρις) σ̣ε̣σ̣η̣(μείωμαι).

English translation:
1 Apollonides, praktor of money taxes of Notos, to Psais son of Senphthoumonthes.
2 I have received for the watchtowers and guards of the 4th year one dirty drachma, total 1 dr., and for
3 the levy for absconded persons of the 2nd year one dirty drachma, total 1 dr. Year 4
4 of Antoninus Caesar the lord, Epeiph 7.
5 I, Karouris, have signed.

Original text: Duke Databank of Documentary Papyri (DDbDP); metadata: Heidelberger
Gesamtverzeichnis der griechischen Papyrusurkunden Ägyptens (HGV); via papyri.info
(github.com/papyri/idp.data), licensed CC BY 3.0."
ATD-000235,1 Jul 141 AD,Thebes,Psais son of Senphthoumonthes,Apollonides,levy,1,drachmas,money,O.Strasb. 2 850,"Original Text:
1 Ἀπολλωνίδ(ης) πράκ(τωρ) ἀργ(υρικῶν) Νό(του) Ψαίτι Σενφθουμώ(νθου)
2 ἔσχ(ον) ὑπ(ὲρ) σκοπ(έλων) καὶ φυλ(άκων) δ 𐅹 ῥυπ(αρὰν) (δραχμὴν) μίαν̣, (γίνεται) (δραχμὴ) α καὶ ὑπ(ὲρ)
3 μερισ(μοῦ) ἀνακ(εχωρηκότων) β 𐅹 ῥυπ(αρὰν) (δραχμὴν) μιᾶς, (γίνεται) (δραχμὴ) α. (ἔτους) δ
4 Ἀντωνείνου Καίσαρος τοῦ κυρίου Ἐπεὶφ ζ̅.
5 Καρο̣(ῦρις) σ̣ε̣σ̣η̣(μείωμαι).

English translation:
1 Apollonides, praktor of money taxes of Notos, to Psais son of Senphthoumonthes.
2 I have received for the watchtowers and guards of the 4th year one dirty drachma, total 1 dr., and for
3 the levy for absconded persons of the 2nd year one dirty drachma, total 1 dr. Year 4
4 of Antoninus Caesar the lord, Epeiph 7.
5 I, Karouris, have signed.

Original text: Duke Databank of Documentary Papyri (DDbDP); metadata: Heidelberger
Gesamtverzeichnis der griechischen Papyrusurkunden Ägyptens (HGV); via papyri.info
(github.com/papyri/idp.data), licensed CC BY 3.0."
ATD-000236,28 Jul 141 AD,Thebes,Psais son of Senphthoumonthes,Apollonides; Harpokras,mixed,4,drachmas,money,O.Strasb. 2 851,"Original Text:
1 Ἀ̣πολλω̣ν̣ί̣δ̣(ης) καὶ Ἁρποκ(ρᾶς) πρά̣κ̣(τορες) ἀ̣ρ̣γ̣(υρικῶν) Νό(του)
2 Ψάιτ̣ι Σ̣ε̣ν̣φθουμώ(νθου). ἔσχ(ομεν) ὑπ(ὲρ) μερισ(μοῦ) ἀνακ̣(εχωρηκότων)
3 καὶ ἄ(λλων) δ 𐅹 δραχ(μὰς) τ̣έ̣σσαρας, (γίνονται) (δραχμαὶ) δ. (ἔτους) δ
4 Ἀντωνείνου Κ̣α̣ί̣σ̣α̣ρ̣ο̣ς̣ τ̣ο̣ῦ̣ κυρ̣ί̣ο̣υ̣ Με̣σ̣ορὴ δ̅.
5 Ἀπολ(λωνίδης) (διὰ) Κα̣ρ̣ο̣(ύριος) σ̣ε̣σ̣η̣(μείωμαι). Ἁρποκ̣(ρᾶς) διὰ̣ Ἀμενρώ̣(σιος) βοηθ(οῦ) (δραχμὰς) δ.
6 ἄλ̣(λαι)· Φαῶ(φι) ι̅β̅ τοῦ ε̣ 𐅹 ὀνό(ματος) τοῦ α(ὐτοῦ) ὑπ(ὲρ) μερισ(μοῦ) ἀνακ(εχωρηκότων) δ 𐅹
7 ῥυπ(αρὰς) (δραχμὰς) δύο, (γίνονται) (δραχμαὶ) β. Κα̣ρ̣ο̣(ῦρις) σ̣ε̣σ̣η̣(μείωμαι). Ἁρποκ(ρᾶς) δ̣ιὰ̣ Ἀμεν̣[ρ]ώ̣σ̣ι̣ο(ς)
8 βοη̣θ̣(οῦ) σ̣ε̣σ̣η̣μ̣(είωμαι) (δραχμὰς) β.

English translation:
1 Apollonides and Harpokras, praktores of money taxes of Notos,
2 to Psais son of Senphthoumonthes. We have received for the levy for absconded persons
3 and others of the 4th year four drachmas, total 4 dr. Year 4
4 of Antoninus Caesar the lord, Mesore 4.
5 I, Apollonides, through Karouris, have signed. Harpokras through Amenrosis, assistant, 4 dr.
6 Further: Phaophi 12 of the 5th year, in the name of the same, for the levy for absconded persons of the 4th year
7 two dirty drachmas, total 2 dr. I, Karouris, have signed. Harpokras through Amenrosis,
8 assistant, has signed, 2 dr.

Original text: Duke Databank of Documentary Papyri (DDbDP); metadata: Heidelberger
Gesamtverzeichnis der griechischen Papyrusurkunden Ägyptens (HGV); via papyri.info
(github.com/papyri/idp.data), licensed CC BY 3.0."
ATD-000237,9 Oct 141 AD,Thebes,Psais son of Senphthoumonthes,Apollonides; Harpokras,levy,2,drachmas,money,O.Strasb. 2 851,"Original Text:
1 Ἀ̣πολλω̣ν̣ί̣δ̣(ης) καὶ Ἁρποκ(ρᾶς) πρά̣κ̣(τορες) ἀ̣ρ̣γ̣(υρικῶν) Νό(του)
2 Ψάιτ̣ι Σ̣ε̣ν̣φθουμώ(νθου). ἔσχ(ομεν) ὑπ(ὲρ) μερισ(μοῦ) ἀνακ̣(εχωρηκότων)
3 καὶ ἄ(λλων) δ 𐅹 δραχ(μὰς) τ̣έ̣σσαρας, (γίνονται) (δραχμαὶ) δ. (ἔτους) δ
4 Ἀντωνείνου Κ̣α̣ί̣σ̣α̣ρ̣ο̣ς̣ τ̣ο̣ῦ̣ κυρ̣ί̣ο̣υ̣ Με̣σ̣ορὴ δ̅.
5 Ἀπολ(λωνίδης) (διὰ) Κα̣ρ̣ο̣(ύριος) σ̣ε̣σ̣η̣(μείωμαι). Ἁρποκ̣(ρᾶς) διὰ̣ Ἀμενρώ̣(σιος) βοηθ(οῦ) (δραχμὰς) δ.
6 ἄλ̣(λαι)· Φαῶ(φι) ι̅β̅ τοῦ ε̣ 𐅹 ὀνό(ματος) τοῦ α(ὐτοῦ) ὑπ(ὲρ) μερισ(μοῦ) ἀνακ(εχωρηκότων) δ 𐅹
7 ῥυπ(αρὰς) (δραχμὰς) δύο, (γίνονται) (δραχμαὶ) β. Κα̣ρ̣ο̣(ῦρις) σ̣ε̣σ̣η̣(μείωμαι). Ἁρποκ(ρᾶς) δ̣ιὰ̣ Ἀμεν̣[ρ]ώ̣σ̣ι̣ο(ς)
8 βοη̣θ̣(οῦ) σ̣ε̣σ̣η̣μ̣(είωμαι) (δραχμὰς) β.

English translation:
1 Apollonides and Harpokras, praktores of money taxes of Notos,
2 to Psais son of Senphthoumonthes. We have received for the levy for absconded persons
3 and others of the 4th year four drachmas, total 4 dr. Year 4
4 of Antoninus Caesar the lord, Mesore 4.
5 I, Apollonides, through Karouris, have signed. Harpokras through Amenrosis, assistant, 4 dr.
6 Further: Phaophi 12 of the 5th year, in the name of the same, for the levy for absconded persons of the 4th year
7 two dirty drachmas, total 2 dr. I, Karouris, have signed. Harpokras through Amenrosis,
8 assistant, has signed, 2 dr.

Original text: Duke Databank of Documentary Papyri (DDbDP); metadata: Heidelberger
Gesamtverzeichnis der griechischen Papyrusurkunden Ägyptens (HGV); via papyri.info
(github.com/papyri/idp.data), licensed CC BY 3.0."
ATD-000238,Dec 140 AD (?),Thebes,Psais son of Senphthoumonthes,Theon and partners,levy,,,,O.Strasb. 2 852,"Original Text:
1 Θέω̣ν καὶ (μέτοχοι) ἀ̣π̣α̣ι̣τ̣(ηταὶ) μ̣ε̣ρ(ισμοῦ) β̣[α]λ̣(ανείων) μ̣η(τροπόλεως)
2 Ψ̣[άι]ς̣ [Σεν]φθ̣ουμώ(νθου) \--/. ἔσχ(ομεν) --
3 ....
4 (ἔτους?) δ̣ Ἀ̣[ν]τ̣ω̣νίν̣ου [Καίσαρος] [...]
5 ....

English translation:
1 Theon and partners, collectors of the levy for the baths of the metropolis,
2 to Psais son of Senphthoumonthes. We have received
3 ...
4 Year(?) 4 of Antoninus [Caesar] [...]
5 ...

Original text: Duke Databank of Documentary Papyri (DDbDP); metadata: Heidelberger
Gesamtverzeichnis der griechischen Papyrusurkunden Ägyptens (HGV); via papyri.info
(github.com/papyri/idp.data), licensed CC BY 3.0."
ATD-000239,141-142 AD,Thebes,Psais son of Senphthoumonthes,Theon and partners,levy,3.5714,drachmas,money,O.Strasb. 2 854,"Original Text:
1 Θ̣έω̣ν̣ καὶ (μέτοχοι) ἀπ̣α̣[ι]τ̣(ηταὶ) μ̣ε̣ρ̣(ισμοῦ) ἐ̣ν̣λ(είμματος) τελ(ωνικῶν) Ψάιτ̣ι̣
2 Σενφθουμώ̣ν̣θ(ου). ἔσ̣χ(ομεν) ὑπ(ὲρ) μ̣ερισ̣(μοῦ)
3 δ 𐅹 δρα̣χ(μὰς) τρῖς̣ τ̣ετρ̣ώβ̣[ο]λ̣(ον), [(γίνονται) (δραχμαὶ) γ] (τετρώβολον).
4 (ἔτους) ⟦δ⟧ ε Ἀντω̣[νίνου Καί]σαρος
5 τοῦ κυρί̣[ο]υ̣ --
6 vestig--1lin [...]

English translation:
1 Theon and partners, collectors of the levy for the deficit of tax-farm dues, to Psais
2 son of Senphthoumonthes. We have received for the levy
3 of the 4th year three drachmas four obols, [total 3 dr.] 4 ob.
4 Year ⟦4⟧ 5 of Anto[ninus Cae]sar
5 the lord
6 [traces of 1 line] [...]

Original text: Duke Databank of Documentary Papyri (DDbDP); metadata: Heidelberger
Gesamtverzeichnis der griechischen Papyrusurkunden Ägyptens (HGV); via papyri.info
(github.com/papyri/idp.data), licensed CC BY 3.0."
ATD-000240,24 Dec 144 AD,Thebes,Psais son of Senphthoumonthes,Phthoumonthes; Petechespochrates,levy,,,,O.Strasb. 2 855,"Original Text:
1 Φθ̣ο̣υ̣μώ̣ν̣θη̣ς̣ κ̣αὶ Πετεχεσπ(οχράτης)
2 ἀπαιτ̣η̣τ̣α̣ὶ̣ μ̣ε̣ρισ(μοῦ) [...]..
3 Ψάιτ̣ει̣ Σ̣ε̣[ν]φ̣θ̣ο̣[υμών]θ̣(ου). ἔ̣σ̣χο̣(μεν)
4 ὑ̣π̣(ὲρ) μερισ(μοῦ) ..[...] κέρ(ματος) ὀβο̣λ̣ .,
5 (γίν ) κέ̣ρ(ματος) .. (ἔτους) η Ἀντων̣ί̣ν̣ο̣υ
6 Καίσαρος τοῦ κυρί̣ου
7 μη(νὸς) Ἁ̣δρια̣[νοῦ] κ̅η̅.
8 Πετεχεσπο̣χ̣(ράτης).
9 Φθ̣ο̣υ̣μ̣ῖ(νις?).

English translation:
1 Phthoumonthes and Petechespochrates,
2 collectors of the levy [...]
3 to Psais son of Se[n]phthou[mon]thes. We have received
4 for the levy [...] in small change obol(s) .,
5 total in small change .. Year 8 of Antoninus
6 Caesar the lord,
7 month of Hadrianos 28.
8 Petechespochrates.
9 Phthoumi(nis?).

Original text: Duke Databank of Documentary Papyri (DDbDP); metadata: Heidelberger
Gesamtverzeichnis der griechischen Papyrusurkunden Ägyptens (HGV); via papyri.info
(github.com/papyri/idp.data), licensed CC BY 3.0."
ATD-000241,7 Nov 145 AD,Thebes,Psais son of Senphthoumonthes,Phthouminis,levy,1.7857,drachmas,money,O.Strasb. 2 856,"Original Text:
1 .ε... κ̣α̣ὶ̣ μ̣(έτοχοι) ἀ̣παιτ(ηταὶ) με̣ρι̣σ̣(μοῦ)
2 ἐνλ(είμματος) τ̣ε̣λ̣(ωνικῶν) Νό(του) Ψάιτι
3 Σεν̣φθ̣ουμώνθου. ἔσχ(ομεν) ὑπ(ὲρ) μερι̣σ(μοῦ)
4 η 𐅹 δ̣ραχ(μὴν) μ̣ί̣α⟨ν⟩ (πεντώβολον) (ἡμιωβέλιον), (γίνεται) (δραχμὴ) α (πεντώβολον) (ἡμιωβέλιον).
5 (ἔτους) θ Ἀ̣ν̣τω[νί]νου Καί̣σ̣αρο̣ς̣
6 τ̣ο̣ῦ̣ κ̣υ̣ρ̣ί̣ο̣υ̣ Ἁθὺρ ι̅α̅.
7 Φθουμ̣ῖ̣(νις) σεση(μείωμαι).
8 ἄλλαι· Ἁδρι̣ανο(ῦ) ι̅α̅ ὁμοίως δραχ(μὴν)
9 μία⟨ν⟩ (πεντώβολον), (γίνεται) (δραχμὴ) α (πεντώβολον). Τ̣εῶς̣ [σεση(μείωμαι)].

English translation:
1 .e... and partners, collectors of the levy
2 for the deficit of tax-farm dues of Notos, to Psais
3 son of Senphthoumonthes. We have received for the levy
4 of the 8th year one drachma five obols half an obol, total 1 dr. 5 ob. 1/2 ob.
5 Year 9 of Antoninus Caesar
6 the lord, Hathyr 11.
7 I, Phthoumi(nis), have signed.
8 Further: Hadrianos 11, likewise one drachma
9 five obols, total 1 dr. 5 ob. I, Teos, [have signed].

Original text: Duke Databank of Documentary Papyri (DDbDP); metadata: Heidelberger
Gesamtverzeichnis der griechischen Papyrusurkunden Ägyptens (HGV); via papyri.info
(github.com/papyri/idp.data), licensed CC BY 3.0."
ATD-000242,7 Dec 145 AD,Thebes,Psais son of Senphthoumonthes,Teos,levy,1.7143,drachmas,money,O.Strasb. 2 856,"Original Text:
1 .ε... κ̣α̣ὶ̣ μ̣(έτοχοι) ἀ̣παιτ(ηταὶ) με̣ρι̣σ̣(μοῦ)
2 ἐνλ(είμματος) τ̣ε̣λ̣(ωνικῶν) Νό(του) Ψάιτι
3 Σεν̣φθ̣ουμώνθου. ἔσχ(ομεν) ὑπ(ὲρ) μερι̣σ(μοῦ)
4 η 𐅹 δ̣ραχ(μὴν) μ̣ί̣α⟨ν⟩ (πεντώβολον) (ἡμιωβέλιον), (γίνεται) (δραχμὴ) α (πεντώβολον) (ἡμιωβέλιον).
5 (ἔτους) θ Ἀ̣ν̣τω[νί]νου Καί̣σ̣αρο̣ς̣
6 τ̣ο̣ῦ̣ κ̣υ̣ρ̣ί̣ο̣υ̣ Ἁθὺρ ι̅α̅.
7 Φθουμ̣ῖ̣(νις) σεση(μείωμαι).
8 ἄλλαι· Ἁδρι̣ανο(ῦ) ι̅α̅ ὁμοίως δραχ(μὴν)
9 μία⟨ν⟩ (πεντώβολον), (γίνεται) (δραχμὴ) α (πεντώβολον). Τ̣εῶς̣ [σεση(μείωμαι)].

English translation:
1 .e... and partners, collectors of the levy
2 for the deficit of tax-farm dues of Notos, to Psais
3 son of Senphthoumonthes. We have received for the levy
4 of the 8th year one drachma five obols half an obol, total 1 dr. 5 ob. 1/2 ob.
5 Year 9 of Antoninus Caesar
6 the lord, Hathyr 11.
7 I, Phthoumi(nis), have signed.
8 Further: Hadrianos 11, likewise one drachma
9 five obols, total 1 dr. 5 ob. I, Teos, [have signed].

Original text: Duke Databank of Documentary Papyri (DDbDP); metadata: Heidelberger
Gesamtverzeichnis der griechischen Papyrusurkunden Ägyptens (HGV); via papyri.info
(github.com/papyri/idp.data), licensed CC BY 3.0."
ATD-000243,Feb-Aug 137 AD (?),Thebes,Psais [...],Kointos Nemonios Dioskoros; Oualerianos,dike tax,1.3571,drachmas,money,O.Strasb. 2 860,"Original Text:
1 Κόιντο(ς) Νεμώ(νιος) Δι̣ό̣σ̣κ[ορος] [καὶ Οὐαλεριανὸς(?)]
2 πρ̣ά̣κ̣(τορες) ἀ̣ρ̣γ̣(υρικῶν) Ν̣ό̣(του) Ψάι̣τ̣. [...].
3 ἔ̣σ̣χ̣(ομεν) ὑ̣π̣(ὲρ) (δευτέρου?) (πέμπτου μέρους?) χωμ(ατικοῦ) κ̣ 𐅹 Ν̣[ό(του)] [...]
4 --, (γίνεται) ῥυπ(αρὰ) (δραχμὴ) α (διώβολον) (ἡμιωβέλιον?). [(ἔτους) κ.]
5 Ἁδριανοῦ τοῦ κυρί̣ο̣[υ] [...]
6 Ἀμ̣ώ(νιος) σεση(μείωμαι).
7 --.

English translation:
1 Kointos Nemonios Dioskoros [and Oualerianos(?)],
2 praktores of money taxes of Notos, to Psait. [...].
3 We have received for the second(?) fifth part(?) of the dike tax of the 20th year of Notos [...]
4 [...], total 1 dirty dr. 2 ob. 1/2 ob.(?). [Year 2.]
5 of Hadrian the lord [...]
6 I, Amonios, have signed.
7 [...]

Original text: Duke Databank of Documentary Papyri (DDbDP); metadata: Heidelberger
Gesamtverzeichnis der griechischen Papyrusurkunden Ägyptens (HGV); via papyri.info
(github.com/papyri/idp.data), licensed CC BY 3.0."
ATD-000244,6 Jun 183 AD (?),Thebes,Besis son of Chabonchonsis,Paniskos,mixed,8,drachmas,money,O.Strasb. 2 885,"Original Text:
1 Παῦνι ι̅β̅ τοῦ κγ 𐅹 ὀνό(ματος) Βήσιος
2 Χαβονχώνσιος ὑπ(ὲρ) ἐπικ(εφαλαίου) κ̣α̣ὶ̣ χωμ(ατικοῦ?)
3 (δραχμὰς) ὀκτώ, (γίνονται) (δραχμαὶ) η. Παν(ίσκος) σ(εσημείωμαι).
4 pꜣ ḥmt n nbj n Bs sꜣ Ḫf-Ḫnsw n ḥꜣ.t-sp 23
5 ı͗bd-2 šmw sw 12

English translation:
1 Pauni 12 of the 23rd year, in the name of Besis
2 son of Chabonchonsis, for the poll tax and dike tax(?)
3 eight drachmas, total 8 dr. I, Paniskos, have signed.
4 (Demotic) The money of the dike(?) of Bs son of Ḫf-Ḫnsw of regnal year 23,
5 month 2 of Shemu, day 12.

Original text: Duke Databank of Documentary Papyri (DDbDP); metadata: Heidelberger
Gesamtverzeichnis der griechischen Papyrusurkunden Ägyptens (HGV); via papyri.info
(github.com/papyri/idp.data), licensed CC BY 3.0."
ATD-000245,14 Aug 196-14 Aug 225 AD (?),Thebes,Horos son of Chabonchonsis,,other,8,drachmas,money,O.Strasb. 2 893,"Original Text:
1 Μεσο(ρὴ) κ̅α̅ το̣ῦ̣ δ̣ 𐅹 ὀνό(ματος)
2 Ὥρο(υ) Χα̣βο̣ν̣χώ̣ν̣σ̣ιο(ς) ὑπ(ὲρ)
3 στεφ(ανικοῦ) χρή(ματος) γ̣ 𐅹 Ἀγο(ρῶν) (δραχμὰς) ὀκ̣τ̣ώ̣,
4 (γίνονται) (δραχμαὶ) η̣. . [...].

English translation:
1 Mesore 21 of the 4th year, in the name
2 of Horos son of Chabonchonsis, for
3 the crown tax of the 3rd year of Agorai eight drachmas,
4 total 8 dr. [...]

Original text: Duke Databank of Documentary Papyri (DDbDP); metadata: Heidelberger
Gesamtverzeichnis der griechischen Papyrusurkunden Ägyptens (HGV); via papyri.info
(github.com/papyri/idp.data), licensed CC BY 3.0."
ATD-000246,10 Sep 198-11 Sep 227 AD (?),Thebes,Horos son of Chabonchonsis,,other,4,drachmas,money,O.Strasb. 2 895,"Original Text:
1 Θὼθ ιγ τοῦ ζ 𐅹 ὀ̣ν̣ό̣(ματος)
2 Ὥρου Χαβονχώ̣(νσιος)
3 ὑπ(ὲρ) στεφ̣(ανικοῦ) χρ̣ή(ματος) ϛ̣ 𐅹̣ (Ἀγορῶν)
4 (δραχμὰς) τέσσαρας, (γίνονται) (δραχμαὶ) δ. ...

English translation:
1 Thoth 13 of the 7th year, in the name
2 of Horos son of Chabonchonsis
3 for the crown tax of the 6th year of Agorai
4 four drachmas, total 4 dr. ...

Original text: Duke Databank of Documentary Papyri (DDbDP); metadata: Heidelberger
Gesamtverzeichnis der griechischen Papyrusurkunden Ägyptens (HGV); via papyri.info
(github.com/papyri/idp.data), licensed CC BY 3.0."
ATD-000247,8 Mar 207 AD,Thebes,Chabonchonsis son of Horos,Maieuris,burial tax,,,,O.Strasb. 2 905,"Original Text:
1 Μαιεῦρις ἐ̣πιτηρ⟨η⟩τὴς τέ
2 λους ἱματιοπολῶνδιὰ ..
3 Ἑ̣ρεννίου Τιτιανοῦ Χα
4 βον̣χῶνσι Ὥρου. ἔσχο
5 ν παρ⟨ὰ⟩ σοῦ ὑπὲρ ταφῆ̣
6 ς Ὥρου πατρό⟨ς⟩ σου
7 τ̣ὸ̣ καθῆκ̣ον τέλο̣ς̣
8 (ἔτους?) ι̣̅ε̣̅// Φαμ̣ε̣ν̣ὼ̣(θ) ⟦..⟧\ι̣̅β̣̅/.

English translation:
1 Maieuris, overseer of the
2 tax on clothing sellers, through ..
3 Herennios Titianos, to Cha-
4 bonchonsis son of Horos. I have recei-
5 ved from you for the burial
6 of Horos your father
7 the due tax.
8 Year 15, Phamenoth 12.

Original text: Duke Databank of Documentary Papyri (DDbDP); metadata: Heidelberger
Gesamtverzeichnis der griechischen Papyrusurkunden Ägyptens (HGV); via papyri.info
(github.com/papyri/idp.data), licensed CC BY 3.0."
ATD-000248,21 Jul 216 AD,Thebes,heirs of Horos son of Petechespochrates son of Chabonchonsis,Aurelios Kl[...]; Aurelios Horigenes,crop tax,9.4286,drachmas,money,O.Strasb. 2 906,"Original Text:
1 Ἐπεὶφ κ̅ζ̅ τοῦ κδ (ἔτους) ὀν[ό](ματος) (κληρονόμων) Ὥρου
2 Πετεχεσπ(οχράτου) Χαβονχώ(νσιος) ὑπ(ὲρ) πρακ(τορείας) Ν̣ή̣σ̣(ων)
3 τιμ(ῆς) (πυροῦ) ἐπὶ λόγο(υ) δραχ(μὰς) ἐννέα (τριώβολον), (γίνονται) (δραχμαὶ) θ (τριώβολον).
4 Α(ὐρήλιος) Κ̣λ σεση(μείωμαι). Α(ὐρήλιος) Ὡριγ(ένης) σεση(μείωμαι).

English translation:
1 Epeiph 27 of the 24th year, in the name of the heirs of Horos
2 son of Petechespochrates, grandson of Chabonchonsis, for the collection district of Nesoi,
3 price of wheat, on account, nine drachmas three obols, total 9 dr. 3 ob.
4 I, Aurelios Kl., have signed. I, Aurelios Horigenes, have signed.

Original text: Duke Databank of Documentary Papyri (DDbDP); metadata: Heidelberger
Gesamtverzeichnis der griechischen Papyrusurkunden Ägyptens (HGV); via papyri.info
(github.com/papyri/idp.data), licensed CC BY 3.0."
ATD-000249,22 Aug 29 AD,Thebes,Miysis son of Petechespochrates,,poll tax,10,drachmas,money,P.Bagnall 58,"Original Text:
1 [διέγρα(ψεν)] [Μιυσε]ως Πετεχενσπ(οχράτου) ὑπ(ὲρ)
2 λαογ(ραφίας) ιε ἔτους (δραχμὰς) δέκα καὶ βαλ(ανευτικοῦ) μίαν ὀβολ(ὸν) (ἡμιωβέλιον?),
3 (γίνονται) (δραχμὰς) ια (ὀβολοὺς) (ἡμιωβέλιον) καὶ τὰ τούτων προσδ(ιαγραφόμενα) ἐξ (ὀβολοῦ?) (ἡμιωβελίου?).
4 ἔτους ιε Τιβερίου Καίσαρος
5 Σεβασ̣τ̣ο̣ῦ̣, Μ̣ε̣σωρὴ κ̅θ̅.
5 ....

English translation:
1 [Has paid] [Miysi]s son of Petechespochrates for
2 poll tax of the 15th year ten drachmas, and for bath tax one (drachma) one and a half obols (?),
3 total 11 dr. 1 1/2 ob., and the surcharges on these at (the rate of) 1 1/2 ob. (?).
4 Year 15 of Tiberius Caesar
5 Augustus, Mesore 29.
5 ....

Original text: Duke Databank of Documentary Papyri (DDbDP); metadata: Heidelberger
Gesamtverzeichnis der griechischen Papyrusurkunden Ägyptens (HGV); via papyri.info
(github.com/papyri/idp.data), licensed CC BY 3.0."
ATD-000250,22 Aug 29 AD,Thebes,Miysis son of Petechespochrates,,bath tax,1.2143,drachmas,money,P.Bagnall 58,"Original Text:
1 [διέγρα(ψεν)] [Μιυσε]ως Πετεχενσπ(οχράτου) ὑπ(ὲρ)
2 λαογ(ραφίας) ιε ἔτους (δραχμὰς) δέκα καὶ βαλ(ανευτικοῦ) μίαν ὀβολ(ὸν) (ἡμιωβέλιον?),
3 (γίνονται) (δραχμὰς) ια (ὀβολοὺς) (ἡμιωβέλιον) καὶ τὰ τούτων προσδ(ιαγραφόμενα) ἐξ (ὀβολοῦ?) (ἡμιωβελίου?).
4 ἔτους ιε Τιβερίου Καίσαρος
5 Σεβασ̣τ̣ο̣ῦ̣, Μ̣ε̣σωρὴ κ̅θ̅.
5 ....

English translation:
1 [Has paid] [Miysi]s son of Petechespochrates for
2 poll tax of the 15th year ten drachmas, and for bath tax one (drachma) one and a half obols (?),
3 total 11 dr. 1 1/2 ob., and the surcharges on these at (the rate of) 1 1/2 ob. (?).
4 Year 15 of Tiberius Caesar
5 Augustus, Mesore 29.
5 ....

Original text: Duke Databank of Documentary Papyri (DDbDP); metadata: Heidelberger
Gesamtverzeichnis der griechischen Papyrusurkunden Ägyptens (HGV); via papyri.info
(github.com/papyri/idp.data), licensed CC BY 3.0."
ATD-000251,1 Jun 34 AD,Thebes,Miysis son of Petechespochrates,Petemenophis son of Pikos,poll tax,10,drachmas,money,P.Bagnall 59,"Original Text:
1 διαγέγρα(φεν) Μιυσεως Πετεχενσπ(οχράτου) ὑπ(ὲρ) λαογ(ραφίας) κ (ἔτους) (δράχμας) δέκα
2 καὶ βαλ(ανευτικοῦ) μίαν ὀβολ(ὸν) (ἡμιωβέλιον), (γίνονται) (δραχμαὶ) ια (ὀβολὸς) (ἡμιωβέλιον) καὶ τὰ τούτων προσδ(ιαγραφόμενα)
3 ἐξ (ὀβολοῦ) (ἡμιωβελίου). ( ἔτους) κ Τιβερίου Καίσαρος Σεβαστοῦ
4 Παχὼ(ν) λ̅ζ̅. Πετεμε(νῶφις) Πικ(ῶτος).

English translation:
1 Miysis son of Petechespochrates has paid for poll tax of the 20th year ten drachmas
2 and for bath tax one (drachma) one and a half obols, total 11 dr. 1 1/2 ob., and the surcharges on these
3 at (the rate of) 1 1/2 ob. Year 20 of Tiberius Caesar Augustus,
4 Pachon 37. Petemenophis son of Pikos.

Original text: Duke Databank of Documentary Papyri (DDbDP); metadata: Heidelberger
Gesamtverzeichnis der griechischen Papyrusurkunden Ägyptens (HGV); via papyri.info
(github.com/papyri/idp.data), licensed CC BY 3.0."
ATD-000252,1 Jun 34 AD,Thebes,Miysis son of Petechespochrates,Petemenophis son of Pikos,bath tax,1.2143,drachmas,money,P.Bagnall 59,"Original Text:
1 διαγέγρα(φεν) Μιυσεως Πετεχενσπ(οχράτου) ὑπ(ὲρ) λαογ(ραφίας) κ (ἔτους) (δράχμας) δέκα
2 καὶ βαλ(ανευτικοῦ) μίαν ὀβολ(ὸν) (ἡμιωβέλιον), (γίνονται) (δραχμαὶ) ια (ὀβολὸς) (ἡμιωβέλιον) καὶ τὰ τούτων προσδ(ιαγραφόμενα)
3 ἐξ (ὀβολοῦ) (ἡμιωβελίου). ( ἔτους) κ Τιβερίου Καίσαρος Σεβαστοῦ
4 Παχὼ(ν) λ̅ζ̅. Πετεμε(νῶφις) Πικ(ῶτος).

English translation:
1 Miysis son of Petechespochrates has paid for poll tax of the 20th year ten drachmas
2 and for bath tax one (drachma) one and a half obols, total 11 dr. 1 1/2 ob., and the surcharges on these
3 at (the rate of) 1 1/2 ob. Year 20 of Tiberius Caesar Augustus,
4 Pachon 37. Petemenophis son of Pikos.

Original text: Duke Databank of Documentary Papyri (DDbDP); metadata: Heidelberger
Gesamtverzeichnis der griechischen Papyrusurkunden Ägyptens (HGV); via papyri.info
(github.com/papyri/idp.data), licensed CC BY 3.0."
ATD-000253,25 BC-25 AD,Thebes,[...] son of Psenamounis,,dike tax,6.5714,drachmas,money,P.Bagnall 60,"Original Text:
1 διαγέγραφ̣(ε) [...]
2 Ψεναμ[ούνιος ὑπ(ερ) χω(ματικοῦ)] [...] [(ἔτους) (δραχμὰς) ἓξ (τετρώβολον)]
3 καὶ βαλ(ανευτικοῦ) τετρ̣[ώβ(ολον)] [(ἡμιωβέλιον), (γίνονται) (δραχμαὶ) ζ (διώβολον) (ἡμιωβέλιον) καὶ]
4 προσδ(ιαγραφόμενα) ἐξ ὀβ[(ολοῦ)] [(ἡμιωβελίου). (ἔτους)] [...] [...]
5 Καίσαρο[ς Σεβαστοῦ]
6 μ̣ηνὸ[ς] [...]

English translation:
1 Has paid [...]
2 son of Psenam[ounis for dike tax] [...] [of the year six drachmas four obols]
3 and for bath tax four [obols] [and a half, total 7 dr. 2 1/2 ob., and]
4 the surcharges at (the rate of) [1 1/2] ob[ols]. [Year] [...] [...]
5 of Caesar [Augustus],
6 month [...]

Original text: Duke Databank of Documentary Papyri (DDbDP); metadata: Heidelberger
Gesamtverzeichnis der griechischen Papyrusurkunden Ägyptens (HGV); via papyri.info
(github.com/papyri/idp.data), licensed CC BY 3.0."
ATD-000254,25 BC-25 AD,Thebes,[...] son of Psenamounis,,bath tax,0.6429,drachmas,money,P.Bagnall 60,"Original Text:
1 διαγέγραφ̣(ε) [...]
2 Ψεναμ[ούνιος ὑπ(ερ) χω(ματικοῦ)] [...] [(ἔτους) (δραχμὰς) ἓξ (τετρώβολον)]
3 καὶ βαλ(ανευτικοῦ) τετρ̣[ώβ(ολον)] [(ἡμιωβέλιον), (γίνονται) (δραχμαὶ) ζ (διώβολον) (ἡμιωβέλιον) καὶ]
4 προσδ(ιαγραφόμενα) ἐξ ὀβ[(ολοῦ)] [(ἡμιωβελίου). (ἔτους)] [...] [...]
5 Καίσαρο[ς Σεβαστοῦ]
6 μ̣ηνὸ[ς] [...]

English translation:
1 Has paid [...]
2 son of Psenam[ounis for dike tax] [...] [of the year six drachmas four obols]
3 and for bath tax four [obols] [and a half, total 7 dr. 2 1/2 ob., and]
4 the surcharges at (the rate of) [1 1/2] ob[ols]. [Year] [...] [...]
5 of Caesar [Augustus],
6 month [...]

Original text: Duke Databank of Documentary Papyri (DDbDP); metadata: Heidelberger
Gesamtverzeichnis der griechischen Papyrusurkunden Ägyptens (HGV); via papyri.info
(github.com/papyri/idp.data), licensed CC BY 3.0."
ATD-000255,1 May 22 AD,Thebes,Petechespochrates son of Zmetis,Petechon son of Psenchnoumis and partners,bath tax,2,drachmas,money,P.Bagnall 61,"Original Text:
1 Πετεχῶν Ψενχνο̣ύ̣μ̣ιο(ς)
2 καὶ μετόχων Πετεχεσπ(οχράτει)
3 Ζμήτι̣ο̣ς χα(ίρειν)· ἀπέχωι ὑπ(ὲρ) βαλ(ανευτικοῦ)
4 (δραχμὰς) β τοῦ η (ἔτους) Τιβερίου Καίσαρος
5 Σεβαστοῦ, Παχὼν ϛ̅.

English translation:
1 Petechon son of Psenchnoumis
2 and partners to Petechespochrates
3 son of Zmetis, greeting. I have received for bath tax
4 2 dr. of the 8th year of Tiberius Caesar
5 Augustus, Pachon 6.

Original text: Duke Databank of Documentary Papyri (DDbDP); metadata: Heidelberger
Gesamtverzeichnis der griechischen Papyrusurkunden Ägyptens (HGV); via papyri.info
(github.com/papyri/idp.data), licensed CC BY 3.0."
ATD-000256,8 Apr 23 AD,Thebes,Petechespochrates son of Smethis,Sarapion and partners,bath tax,,,,P.Bagnall 62,"Original Text:
1 Σαραπίων καὶ μέτοχ(οι)
2 Πετεχεσποχ(ράτει) Σμήθιος
3 χ(αίρειν)· ἀπέχ(ω) βαλ(ανευτικὸν) Κερ(αμείων) τοῦ θ ἔτους
4 Τιβερίου Καίσαρος Σεβαστοῦ
5 Φαρμ(οῦθι) ιγ̅.

English translation:
1 Sarapion and partners
2 to Petechespochrates son of Smethis,
3 greeting. I have received the bath tax of Kerameia of the 9th year
4 of Tiberius Caesar Augustus,
5 Pharmouthi 13.

Original text: Duke Databank of Documentary Papyri (DDbDP); metadata: Heidelberger
Gesamtverzeichnis der griechischen Papyrusurkunden Ägyptens (HGV); via papyri.info
(github.com/papyri/idp.data), licensed CC BY 3.0."
ATD-000257,26 Jan-24 Feb 126 AD (?),Thebes,Miysis son of Petech[...] son of Petechespochrates,Theon,,8,drachmas,money,P.Bagnall 65,"Original Text:
1 Θ̣έ̣ω̣ν πράκ(τωρ) ἀργ(υρικῶν)
2 Μιῦσι π(ρεσβυτέρῳ) Πετεχ̣ --
3 Πετεχεσπ(οχράτου)· ἔσ̣χ̣(ον) ὑ̣π̣(ὲρ) --
4 -- γ̣ί̣(νονται) (δραχμαί?) η̣ --
5 (ἔτους) ι̣̅α̅ -- ου Καίσαρ[ος] τ̣ο̣ῦ̣ κ̣υρίου
6 Φαῶφι κ̅.
7 [ὁ]μοί(ως) Μεχεὶρ --
8 ....

English translation:
1 Theon, collector of money taxes,
2 to Miysis the elder, son of Petech--
3 grandson of Petechespochrates. I have received for --
4 -- total 8 dr. (?) --
5 Year 11 of -- Caesar the lord,
6 Phaophi 20.
7 Likewise Mecheir --
8 ....

Original text: Duke Databank of Documentary Papyri (DDbDP); metadata: Heidelberger
Gesamtverzeichnis der griechischen Papyrusurkunden Ägyptens (HGV); via papyri.info
(github.com/papyri/idp.data), licensed CC BY 3.0."
ATD-000258,26 Jan-24 Feb 126 AD (?),Thebes,Miysis son of Petech[...] son of Petechespochrates,Theon,,,,,P.Bagnall 65,"Original Text:
1 Θ̣έ̣ω̣ν πράκ(τωρ) ἀργ(υρικῶν)
2 Μιῦσι π(ρεσβυτέρῳ) Πετεχ̣ --
3 Πετεχεσπ(οχράτου)· ἔσ̣χ̣(ον) ὑ̣π̣(ὲρ) --
4 -- γ̣ί̣(νονται) (δραχμαί?) η̣ --
5 (ἔτους) ι̣̅α̅ -- ου Καίσαρ[ος] τ̣ο̣ῦ̣ κ̣υρίου
6 Φαῶφι κ̅.
7 [ὁ]μοί(ως) Μεχεὶρ --
8 ....

English translation:
1 Theon, collector of money taxes,
2 to Miysis the elder, son of Petech--
3 grandson of Petechespochrates. I have received for --
4 -- total 8 dr. (?) --
5 Year 11 of -- Caesar the lord,
6 Phaophi 20.
7 Likewise Mecheir --
8 ....

Original text: Duke Databank of Documentary Papyri (DDbDP); metadata: Heidelberger
Gesamtverzeichnis der griechischen Papyrusurkunden Ägyptens (HGV); via papyri.info
(github.com/papyri/idp.data), licensed CC BY 3.0."
ATD-000259,130-150 AD,Thebes,,Pe[...],levy,,,,P.Bagnall 66,"Original Text:
1 [...].... Πε..χ( ) ἀπαιτη(τὴς)
2 [...]..ώρου· ἔσχο(ν) ὑπ(ὲρ) μερισ(μοῦ)
3 [...] -- Καίσαρο(ς)
4 [...] -- μ̣η̣α̣..
5 [...] Πετεχεσπο(χράτης)

English translation:
1 [...].... Pe..ch( ), exactor,
2 [...] ..oros. I have received for levy
3 [...] -- Caesar
4 [...] -- month (?) ..
5 [...] Petechespochrates

Original text: Duke Databank of Documentary Papyri (DDbDP); metadata: Heidelberger
Gesamtverzeichnis der griechischen Papyrusurkunden Ägyptens (HGV); via papyri.info
(github.com/papyri/idp.data), licensed CC BY 3.0."
ATD-000260,23 May 42 AD,Thebes,Pamonthes son of Haryothes,,poll tax,10,drachmas,money,P.Hoogendijk 13,"Original Text:
1 διέγρ(αψεν) Παμώνθ(ης) Ἁρυώθ(ου) ὑπ(ὲρ) λαο(γραφίας) β (ἔτους) (δραχμὰς) δέ[κα]
2 καὶ βαλ(ανικοῦ) μίαν ὀβολ(ὸν) (ἡμιωβέλιον) (γίνονται) (δραχμαὶ) ια (ἡμιωβέλιος) καὶ προσδ(ιαγραφόμενα) ἐξ (ὀβολοῦ) (ἡμιωβελίου).
3 (ἔτους) β Τιβερίου Κλαυδ[ίου Καί]σαρος ⟨Σεβαστοῦ⟩
4 Γερμανικοῦ Αὐτοκράτορος Παχὼ(ν) κη ......
5 ...

English translation:
1 Pamonthes son of Haryothes has paid for poll tax of the 2nd year ten drachmas
2 and for bath tax one (drachma) one and a half obols, total 11 dr. 1/2 ob., and the surcharges at (the rate of) 1 1/2 ob.
3 Year 2 of Tiberius Claudius Caesar ⟨Augustus⟩
4 Germanicus Imperator, Pachon 28 ......
5 ...

Original text: Duke Databank of Documentary Papyri (DDbDP); metadata: Heidelberger
Gesamtverzeichnis der griechischen Papyrusurkunden Ägyptens (HGV); via papyri.info
(github.com/papyri/idp.data), licensed CC BY 3.0."
ATD-000261,23 May 42 AD,Thebes,Pamonthes son of Haryothes,,bath tax,1.2143,drachmas,money,P.Hoogendijk 13,"Original Text:
1 διέγρ(αψεν) Παμώνθ(ης) Ἁρυώθ(ου) ὑπ(ὲρ) λαο(γραφίας) β (ἔτους) (δραχμὰς) δέ[κα]
2 καὶ βαλ(ανικοῦ) μίαν ὀβολ(ὸν) (ἡμιωβέλιον) (γίνονται) (δραχμαὶ) ια (ἡμιωβέλιος) καὶ προσδ(ιαγραφόμενα) ἐξ (ὀβολοῦ) (ἡμιωβελίου).
3 (ἔτους) β Τιβερίου Κλαυδ[ίου Καί]σαρος ⟨Σεβαστοῦ⟩
4 Γερμανικοῦ Αὐτοκράτορος Παχὼ(ν) κη ......
5 ...

English translation:
1 Pamonthes son of Haryothes has paid for poll tax of the 2nd year ten drachmas
2 and for bath tax one (drachma) one and a half obols, total 11 dr. 1/2 ob., and the surcharges at (the rate of) 1 1/2 ob.
3 Year 2 of Tiberius Claudius Caesar ⟨Augustus⟩
4 Germanicus Imperator, Pachon 28 ......
5 ...

Original text: Duke Databank of Documentary Papyri (DDbDP); metadata: Heidelberger
Gesamtverzeichnis der griechischen Papyrusurkunden Ägyptens (HGV); via papyri.info
(github.com/papyri/idp.data), licensed CC BY 3.0."
ATD-000262,18 Oct 53 AD,Thebes,Pechytes son of Haronnophris,Kephalos,dike tax,6.5714,drachmas,money,P.Hoogendijk 14,"Original Text:
1 διαγέγρα(φε) Πεχύτη(ς) Ἁρον̣νώ(φριος)
2 ὑπ(ὲρ) χωμα(τικοῦ) ιγ (ἔτους) (δραχμὰς) ἓξ τετρώ(βολον) καὶ
3 βαλ(ανευτικοῦ) τετρώ(βολον) (ἡμιωβέλιον) (γίνονται) (δραχμαὶ) ζ (ὀβολοὶ) β (ἡμιωβέλιον) καὶ τ(ού)τ(ω)ν προσδ(ιαγραφόμενα).
4 (ἔτους) ιδ Τιβερίου Κλαυδίου Καίσαρος
5 Σεβαστοῦ Γερμανικοῦ Αὐτοκράτορος
6 Φαῶ(φι) κα̅. Κέφαλ(ος) σεση(μείωμαι).
7 ⸢..⸣ Pa-ḫṱ
8 sꜣ Ḥr-⸢Wn⸣-nfr

English translation:
1 Pechytes son of Haronnophris has paid
2 for dike tax of the 13th year six drachmas four obols and
3 for bath tax four obols and a half, total 7 dr. 2 1/2 ob., and the surcharges on these.
4 Year 14 of Tiberius Claudius Caesar
5 Augustus Germanicus Imperator,
6 Phaophi 21. I, Kephalos, have signed.
7 [..] Pa-ḫṱ (Pechytes)
8 son of Ḥr-Wn-nfr (Haronnophris)

Original text: Duke Databank of Documentary Papyri (DDbDP); metadata: Heidelberger
Gesamtverzeichnis der griechischen Papyrusurkunden Ägyptens (HGV); via papyri.info
(github.com/papyri/idp.data), licensed CC BY 3.0."
ATD-000263,18 Oct 53 AD,Thebes,Pechytes son of Haronnophris,Kephalos,bath tax,0.6429,drachmas,money,P.Hoogendijk 14,"Original Text:
1 διαγέγρα(φε) Πεχύτη(ς) Ἁρον̣νώ(φριος)
2 ὑπ(ὲρ) χωμα(τικοῦ) ιγ (ἔτους) (δραχμὰς) ἓξ τετρώ(βολον) καὶ
3 βαλ(ανευτικοῦ) τετρώ(βολον) (ἡμιωβέλιον) (γίνονται) (δραχμαὶ) ζ (ὀβολοὶ) β (ἡμιωβέλιον) καὶ τ(ού)τ(ω)ν προσδ(ιαγραφόμενα).
4 (ἔτους) ιδ Τιβερίου Κλαυδίου Καίσαρος
5 Σεβαστοῦ Γερμανικοῦ Αὐτοκράτορος
6 Φαῶ(φι) κα̅. Κέφαλ(ος) σεση(μείωμαι).
7 ⸢..⸣ Pa-ḫṱ
8 sꜣ Ḥr-⸢Wn⸣-nfr

English translation:
1 Pechytes son of Haronnophris has paid
2 for dike tax of the 13th year six drachmas four obols and
3 for bath tax four obols and a half, total 7 dr. 2 1/2 ob., and the surcharges on these.
4 Year 14 of Tiberius Claudius Caesar
5 Augustus Germanicus Imperator,
6 Phaophi 21. I, Kephalos, have signed.
7 [..] Pa-ḫṱ (Pechytes)
8 son of Ḥr-Wn-nfr (Haronnophris)

Original text: Duke Databank of Documentary Papyri (DDbDP); metadata: Heidelberger
Gesamtverzeichnis der griechischen Papyrusurkunden Ägyptens (HGV); via papyri.info
(github.com/papyri/idp.data), licensed CC BY 3.0."
ATD-000264,13 Feb 18 BC,Thebes,Maieuris son of Seeiatos; Horos son of Seeitos,Kephalos,poll tax,20,drachmas,money,P.Rein. 2 128,"Original Text:
1 Σεειατου Μαιεῦρις
2 καὶ Ὧρος Σεειτου υἱὸς
3 τετάχ(αται) λαογ(ραφίας) ιβ (ἔτους) (δραχμὰς) κ
4 (ἔτους) ιβ Καίσα(ρος) Μεχ(εὶρ) ιθ
5 Κέφα(λος) τραπ(εζίτης)

English translation:
1 Maieuris son of Seeiatos
2 and Horos son of Seeitos
3 have paid for poll tax of the 12th year 20 dr.
4 Year 12 of Caesar, Mecheir 19.
5 Kephalos, banker.

Original text: Duke Databank of Documentary Papyri (DDbDP); metadata: Heidelberger
Gesamtverzeichnis der griechischen Papyrusurkunden Ägyptens (HGV); via papyri.info
(github.com/papyri/idp.data), licensed CC BY 3.0."
ATD-000265,Dec 64 AD,Thebes,Psenamounis son of Panameus,Psemmonthes son of Arathes and partners,other,,,,P.Sijp. 38m,"Original Text:
1 Ψεμμώ(νθης) Ἀράθης καὶ μέτο(χοι)
2 Ψεναμούνιος Παν̣α̣μ̣έ̣ω̣ς̣
3 χα(ίρειν)· ἀπέχω(μεν) παρὰ σοῦ τὸ τέλ(ος)
4 Ἁθὺρ καὶ Χοίακ τοῦ
5 ια (ἔτους) Νέρωνος τοῦ
6 κυρίου.

English translation:
1 Psemmonthes son of Arathes and partners
2 to Psenamounis son of Panameus,
3 greeting. We have received from you the tax
4 of Hathyr and Choiak of the
5 11th year of Nero the
6 lord.

Original text: Duke Databank of Documentary Papyri (DDbDP); metadata: Heidelberger
Gesamtverzeichnis der griechischen Papyrusurkunden Ägyptens (HGV); via papyri.info
(github.com/papyri/idp.data), licensed CC BY 3.0."
ATD-000266,28 Jul 127 AD,Thebes,Pamonthes son of Harsiesis,Petechespochrates and partners,bath tax,,,,P.Sijp. 38o,"Original Text:
1 Πετεχεσπ(οχράτης) καὶ μ(έτοχοι)
2 [τελ(ῶναι) θησ(αυροῦ)] ἱ̣ε̣ρ̣(ῶν) Παμ
3 ώ̣ν̣θ̣η̣ς Ἁρσι(ήσιος) ἀπέσ
4 χομ(εν) βαλ(ανευτικὸν) ια (ἔτους)
5 Ἁδριανοῦ τοῦ
6 κ̣υ̣ρ̣ίου Και(σαρείου) δ̅
7 [...]....ε̅
8 [...]..

English translation:
1 Petechespochrates and partners,
2 [tax farmers of the treasury] of the temples, to Pam-
3 onthes son of Harsiesis. We have re-
4 ceived the bath tax of the 11th year
5 of Hadrian the
6 lord, Kaisareios 4.
7 [...]....5
8 [...]..

Original text: Duke Databank of Documentary Papyri (DDbDP); metadata: Heidelberger
Gesamtverzeichnis der griechischen Papyrusurkunden Ägyptens (HGV); via papyri.info
(github.com/papyri/idp.data), licensed CC BY 3.0."
ATD-000267,1 Jun 125 AD,Thebes,Panameus son of Pamonthes son of Herieus,Petechespochrates and partners,bath tax,,,,P.Sijp. 38p,"Original Text:
1 Πετεχεσποχ(ράτης) καὶ μ(έτοχοι) τ̣ε̣[λ(ῶναι)] [θησ(αυροῦ) ἱερ(ῶν)]
2 Πανα(μεῖ) Παμ̣ώ̣ν̣θ(ου) Ἑριεῦ̣[τος] [χα(ίρειν)· ἔσχ(ομεν) παρὰ σοῦ]
3 ὑπ(ὲρ) βαλ(ανευτικοῦ) τ̣ο̣ῦ̣ θ̣ (ἔτους) Ἁδριαν[οῦ τοῦ κυρίου]
4 vac. Π̣α̣ῦ̣[νι] ζ
5 ...

English translation:
1 Petechespochrates and partners, tax [farmers] [of the treasury of the temples],
2 to Panameus son of Pamonthes, grandson of Herieus, [greeting. We have received from you]
3 for bath tax of the 9th year of Hadrian [the lord].
4 vac. Pauni 7
5 ...

Original text: Duke Databank of Documentary Papyri (DDbDP); metadata: Heidelberger
Gesamtverzeichnis der griechischen Papyrusurkunden Ägyptens (HGV); via papyri.info
(github.com/papyri/idp.data), licensed CC BY 3.0."
ATD-000268,1 Mar 144 AD,Thebes,Pikos son of Archias,Philon and partners,bath tax,,,,P.Sijp. 38q,"Original Text:
1 Φίλων καὶ μ(έτοχοι) τελῶ(ναι) θησ(αυροῦ) ἱερῶν
2 Πικῶς ν(εωτέρῳ) Ἀρχίο(υ) ἔσχ(ομεν) τὸ βαλ(ανευτικὸν) τοῦ ζ (ἔτους)
3 Ἀντωνείνου Καίσαρος τοῦ κυρίου
4 Φαμενὼθ ε̅.

English translation:
1 Philon and partners, tax farmers of the treasury of the temples,
2 to Pikos the younger, son of Archias. We have received the bath tax of the 7th year
3 of Antoninus Caesar the lord.
4 Phamenoth 5.

Original text: Duke Databank of Documentary Papyri (DDbDP); metadata: Heidelberger
Gesamtverzeichnis der griechischen Papyrusurkunden Ägyptens (HGV); via papyri.info
(github.com/papyri/idp.data), licensed CC BY 3.0."
ATD-000269,24 Jul 144 AD,Thebes,Pansisois son of Pasemis,Inaros son of Patotes and partners; Her[...],trade tax,,,,P.Sijp. 38r,"Original Text:
1 Ἰναρῶς Πατώτου καὶ μ(έτοχοι) τελ(ῶναι) γερδ(ίων)
2 Πανσισώϊ Πασήμιος χα(ίρειν)· ἔσχο(μεν)
3 παρ̣ὰ σο(ῦ) τέλο(ς) ἀριθ(μήσεως) Ἐπεὶφ Μεσορή.
4 (ἔτους) ζ Ἀντωνίνου Καίσαρος τοῦ κυρίου
5 Ἐπεὶφ λ̅. Ἡρ σεση(μείωμαι).

English translation:
1 Inaros son of Patotes and partners, tax farmers of the weavers,
2 to Pansisois son of Pasemis, greeting. We have received
3 from you the tax of the count for Epeiph (and) Mesore.
4 Year 7 of Antoninus Caesar the lord,
5 Epeiph 30. I, Her., have signed.

Original text: Duke Databank of Documentary Papyri (DDbDP); metadata: Heidelberger
Gesamtverzeichnis der griechischen Papyrusurkunden Ägyptens (HGV); via papyri.info
(github.com/papyri/idp.data), licensed CC BY 3.0."
ATD-000270,11 May 153 AD,Thebes,Pousis son of Pouoris son of Herieus,Inaros and partners,trade tax,,,,P.Sijp. 38s,"Original Text:
1 Ἰναρῶς καὶ μ(έτοχοι) τ̣ελ̣(ῶναι) γερδ(ίων)
2 Π̣ο̣ῦ̣σι̣ Πουώριο(ς) πρ(εσβυτέρου)
3 Ἑριέως ἔχομ(εν) ὑπ(ὲρ) τέλ(ους)
4 Φαμενὼθ καὶ Φαρμο(ῦθι)
5 ιϛ (ἔτους?) Ἀντωνίνου
6 Καίσαρος τοῦ κυρίου
7 Παχὼν ι̅ϛ̅.

English translation:
1 Inaros and partners, tax farmers of the weavers,
2 to Pousis son of Pouoris the elder,
3 grandson of Herieus. We have received for the tax
4 of Phamenoth and Pharmouthi
5 of the 16th year (?) of Antoninus
6 Caesar the lord.
7 Pachon 16.

Original text: Duke Databank of Documentary Papyri (DDbDP); metadata: Heidelberger
Gesamtverzeichnis der griechischen Papyrusurkunden Ägyptens (HGV); via papyri.info
(github.com/papyri/idp.data), licensed CC BY 3.0."
ATD-000271,26 Mar 174 AD,Thebes,Harsonis son of Harsonis,Asklas and partners,bath tax,,,,P.Sijp. 38t,"Original Text:
1 Ἀσκλᾶς καὶ μ(έτοχοι) ἐπιτ(ηρηταὶ) θησ(αυροῦ) ἱερ(ῶν)
2 Ἁρσόνι ν(εωτέρῳ) ὁμ(οίως) ἔσχ(ομεν) [παρὰ σοῦ]
3 τὸ βαλ(ανευτικὸν) τοῦ ιδ (ἔτους) Αὐρηλίου
4 Ἀντωνίνου Καίσαρος τοῦ κυρίου
5 Φαμ(ενὼθ) λ̅.

English translation:
1 Asklas and partners, overseers of the treasury of the temples,
2 to Harsonis the younger, son of the like-named. We have received [from you]
3 the bath tax of the 14th year of Aurelius
4 Antoninus Caesar the lord.
5 Phamenoth 30.

Original text: Duke Databank of Documentary Papyri (DDbDP); metadata: Heidelberger
Gesamtverzeichnis der griechischen Papyrusurkunden Ägyptens (HGV); via papyri.info
(github.com/papyri/idp.data), licensed CC BY 3.0."
ATD-000272,30 Apr 189 AD,Thebes,Sisois son of Onnophris,Amonios,other,6.7143,drachmas,money,P.Sijp. 38v,"Original Text:
1 Παχὼ(ν) ε̅ τοῦ κθ (ἔτους) ὀνό(ματος)
2 Σισόιτο(ς) ν(εωτέρου) Ὀννώ(φριος) ὑπ(ὲρ)
3 στεφ(ανικοῦ) χρή(ματος) τοῦ κη (ἔτους) Νό(του)
4 (δραχμὰς) ἓξ (πεντώβολον), (γίνονται) (δραχμαὶ) ϛ (πεντώβολον).
5 Ἀμ(ώνιος) σεση(μείωμαι).

English translation:
1 Pachon 5 of the 29th year, in the name of
2 Sisois the younger, son of Onnophris, for
3 crown money of the 28th year, Notos,
4 six drachmas five obols, total 6 dr. 5 ob.
5 I, Amonios, have signed.

Original text: Duke Databank of Documentary Papyri (DDbDP); metadata: Heidelberger
Gesamtverzeichnis der griechischen Papyrusurkunden Ägyptens (HGV); via papyri.info
(github.com/papyri/idp.data), licensed CC BY 3.0."
ATD-000273,20 Aug 134 AD,Thebes,heirs of Horion son of Amonios,Gaios,land tax,0.9167,artabas,wheat,SB 14 11546,"Original Text:
1 μεμέ(τρηται) εἰς θησ(αυρὸν) μητροπ(όλεως) γενή(ματος)
2 ιη (ἔτους) Ἁδριανοῦ τοῦ κυρίου
3 Μεσο(ρὴ) κζ̅ ὑπ(ὲρ) Νό(του) (ὀνόματος κληρονόμων)
4 Ὡρίω(νος) Ἀμω(νίου) διὰ Παχνούμ(ιος)
5 Παουφθειοῦτο(ς) (πυροῦ) ἡμισυ τρίτο(ν)
6 δωδ(έκατον), (γίνεται) (πυροῦ) 𐅵̅ γ̅ ι̅β̅. Γά(ιος) σεση(μείωμαι)

English translation:
1 Measured into the granary of the metropolis, from the produce
2 of the 18th year of Hadrian the lord,
3 Mesore 27, for Notos, in the name of the heirs of
4 Horion son of Amonios, through Pachnoumis
5 son of Paouphtheious, wheat one half, one third,
6 one twelfth, total wheat 1/2 1/3 1/12 (art.). I, Gaios, have signed.

Original text: Duke Databank of Documentary Papyri (DDbDP); metadata: Heidelberger
Gesamtverzeichnis der griechischen Papyrusurkunden Ägyptens (HGV); via papyri.info
(github.com/papyri/idp.data), licensed CC BY 3.0."
ATD-000274,26 May 214 AD,Thebes,Thermouthis daughter of Psenkalibis,A[...],land tax,4,drachmas,money,SB 24 16135,"Original Text:
1 Παῦνι α τοῦ κβ (ἔτους) ὀνό(ματος) Θερμούθι[ος]
2 Ψενκαλίβιος ὑπ(ὲρ) γεω̣(μετρίας) (Ἀγορῶν) (δραχμὰς) τέσσαρας,
3 (γίνονται) (δραχμαὶ) δ. Α σεσ̣η̣(μείωμαι). ἄλ(λας) κϛ ὁμο(ίως) (δραχμὰς) τέσσαρας,
4 (γίνονται) (δραχμαὶ) δ. Α̣ σεσ̣η̣(μείωμαι). ἄλ(λας) Μεσο(ρὴ) ἐπαγο(μένων) ε
5 (δραχμὰς) τέσσαρας, (γίνονται) (δραχμαὶ) δ. Α σεση(μείωμαι).
6 ἄλ(λας) Θω̣ὺ̣θ κε ὁμο(ίως) (δραχμὰς) δύο (διώβολον), (γίνονται) (δραχμαὶ) β (διώβολον) .. σεση(μείωμαι).

English translation:
1 Pauni 1 of the 22nd year, in the name of Thermouthis
2 daughter of Psenkalibis, for land survey of Agorai, four drachmas,
3 total 4 dr. I, A., have signed. Further, on the 26th, likewise four drachmas,
4 total 4 dr. I, A., have signed. Further, Mesore, epagomenal day 5,
5 four drachmas, total 4 dr. I, A., have signed.
6 Further, Thoth 25, likewise two drachmas two obols, total 2 dr. 2 ob. I, .., have signed.

Original text: Duke Databank of Documentary Papyri (DDbDP); metadata: Heidelberger
Gesamtverzeichnis der griechischen Papyrusurkunden Ägyptens (HGV); via papyri.info
(github.com/papyri/idp.data), licensed CC BY 3.0."
ATD-000275,20 Jun 214 AD,Thebes,Thermouthis daughter of Psenkalibis,A[...],land tax,4,drachmas,money,SB 24 16135,"Original Text:
1 Παῦνι α τοῦ κβ (ἔτους) ὀνό(ματος) Θερμούθι[ος]
2 Ψενκαλίβιος ὑπ(ὲρ) γεω̣(μετρίας) (Ἀγορῶν) (δραχμὰς) τέσσαρας,
3 (γίνονται) (δραχμαὶ) δ. Α σεσ̣η̣(μείωμαι). ἄλ(λας) κϛ ὁμο(ίως) (δραχμὰς) τέσσαρας,
4 (γίνονται) (δραχμαὶ) δ. Α̣ σεσ̣η̣(μείωμαι). ἄλ(λας) Μεσο(ρὴ) ἐπαγο(μένων) ε
5 (δραχμὰς) τέσσαρας, (γίνονται) (δραχμαὶ) δ. Α σεση(μείωμαι).
6 ἄλ(λας) Θω̣ὺ̣θ κε ὁμο(ίως) (δραχμὰς) δύο (διώβολον), (γίνονται) (δραχμαὶ) β (διώβολον) .. σεση(μείωμαι).

English translation:
1 Pauni 1 of the 22nd year, in the name of Thermouthis
2 daughter of Psenkalibis, for land survey of Agorai, four drachmas,
3 total 4 dr. I, A., have signed. Further, on the 26th, likewise four drachmas,
4 total 4 dr. I, A., have signed. Further, Mesore, epagomenal day 5,
5 four drachmas, total 4 dr. I, A., have signed.
6 Further, Thoth 25, likewise two drachmas two obols, total 2 dr. 2 ob. I, .., have signed.

Original text: Duke Databank of Documentary Papyri (DDbDP); metadata: Heidelberger
Gesamtverzeichnis der griechischen Papyrusurkunden Ägyptens (HGV); via papyri.info
(github.com/papyri/idp.data), licensed CC BY 3.0."
ATD-000276,28 Aug 214 AD,Thebes,Thermouthis daughter of Psenkalibis,A[...],land tax,4,drachmas,money,SB 24 16135,"Original Text:
1 Παῦνι α τοῦ κβ (ἔτους) ὀνό(ματος) Θερμούθι[ος]
2 Ψενκαλίβιος ὑπ(ὲρ) γεω̣(μετρίας) (Ἀγορῶν) (δραχμὰς) τέσσαρας,
3 (γίνονται) (δραχμαὶ) δ. Α σεσ̣η̣(μείωμαι). ἄλ(λας) κϛ ὁμο(ίως) (δραχμὰς) τέσσαρας,
4 (γίνονται) (δραχμαὶ) δ. Α̣ σεσ̣η̣(μείωμαι). ἄλ(λας) Μεσο(ρὴ) ἐπαγο(μένων) ε
5 (δραχμὰς) τέσσαρας, (γίνονται) (δραχμαὶ) δ. Α σεση(μείωμαι).
6 ἄλ(λας) Θω̣ὺ̣θ κε ὁμο(ίως) (δραχμὰς) δύο (διώβολον), (γίνονται) (δραχμαὶ) β (διώβολον) .. σεση(μείωμαι).

English translation:
1 Pauni 1 of the 22nd year, in the name of Thermouthis
2 daughter of Psenkalibis, for land survey of Agorai, four drachmas,
3 total 4 dr. I, A., have signed. Further, on the 26th, likewise four drachmas,
4 total 4 dr. I, A., have signed. Further, Mesore, epagomenal day 5,
5 four drachmas, total 4 dr. I, A., have signed.
6 Further, Thoth 25, likewise two drachmas two obols, total 2 dr. 2 ob. I, .., have signed.

Original text: Duke Databank of Documentary Papyri (DDbDP); metadata: Heidelberger
Gesamtverzeichnis der griechischen Papyrusurkunden Ägyptens (HGV); via papyri.info
(github.com/papyri/idp.data), licensed CC BY 3.0."
ATD-000277,22 Sep 214 AD,Thebes,Thermouthis daughter of Psenkalibis,,land tax,2.2857,drachmas,money,SB 24 16135,"Original Text:
1 Παῦνι α τοῦ κβ (ἔτους) ὀνό(ματος) Θερμούθι[ος]
2 Ψενκαλίβιος ὑπ(ὲρ) γεω̣(μετρίας) (Ἀγορῶν) (δραχμὰς) τέσσαρας,
3 (γίνονται) (δραχμαὶ) δ. Α σεσ̣η̣(μείωμαι). ἄλ(λας) κϛ ὁμο(ίως) (δραχμὰς) τέσσαρας,
4 (γίνονται) (δραχμαὶ) δ. Α̣ σεσ̣η̣(μείωμαι). ἄλ(λας) Μεσο(ρὴ) ἐπαγο(μένων) ε
5 (δραχμὰς) τέσσαρας, (γίνονται) (δραχμαὶ) δ. Α σεση(μείωμαι).
6 ἄλ(λας) Θω̣ὺ̣θ κε ὁμο(ίως) (δραχμὰς) δύο (διώβολον), (γίνονται) (δραχμαὶ) β (διώβολον) .. σεση(μείωμαι).

English translation:
1 Pauni 1 of the 22nd year, in the name of Thermouthis
2 daughter of Psenkalibis, for land survey of Agorai, four drachmas,
3 total 4 dr. I, A., have signed. Further, on the 26th, likewise four drachmas,
4 total 4 dr. I, A., have signed. Further, Mesore, epagomenal day 5,
5 four drachmas, total 4 dr. I, A., have signed.
6 Further, Thoth 25, likewise two drachmas two obols, total 2 dr. 2 ob. I, .., have signed.

Original text: Duke Databank of Documentary Papyri (DDbDP); metadata: Heidelberger
Gesamtverzeichnis der griechischen Papyrusurkunden Ägyptens (HGV); via papyri.info
(github.com/papyri/idp.data), licensed CC BY 3.0."
ATD-000278,7 Mar-28 Aug 161 AD,Thebes,Petemenophis [...],Karouros,mixed,4,drachmas,money,SB 3 6821,"Original Text:
1 διέγρ(αψε) Πετεμεν(ῶφις) [...]
2 μη(τρὸς) Μαξίμας εἰς ἀρ̣ί̣θ̣(μησιν) [μη(νὸς) ...]
3 τοῦ α (ἔτους) ὑ(πὲρ) λαο(γραφίας) κ(αὶ) ἄ(λλων) Χάρ(ακος) ῥ(υπαρὰς)
4 (δραχμὰς) τέσσαρας, (γίνονται) (δραχμαὶ) δ. (ἔτους) α̣ [Μάρκου]
5 Αὐρηλίου Ἀντων[ίνου κ(αὶ) Λουκ(ίου)]
6 Αὐρηλίου Οὐήρ̣[ου τῶν κυρ(ίων)]
7 Σεβατῶν. Κ̣α̣(ροῦρος) [σ(εσ)η(μείωμαι)]

English translation:
1 Petemenophis [...] has paid,
2 mother Maxima, towards the count [of the month ...]
3 of the 1st year, for poll tax and other (taxes) of Charax, dirty
4 four drachmas, total 4 dr. Year 1 [of Marcus]
5 Aurelius Antoninus [and Lucius]
6 Aurelius Verus [the lords]
7 Augusti. I, Karouros, [have signed].

Original text: Duke Databank of Documentary Papyri (DDbDP); metadata: Heidelberger
Gesamtverzeichnis der griechischen Papyrusurkunden Ägyptens (HGV); via papyri.info
(github.com/papyri/idp.data), licensed CC BY 3.0."
